user id;product id;Interaction type;Time stamp
64;4c69b61db1fc16e7013b43fc926e502d;purchase;10/10/2023 08:00
67;66d49bbed043f5be260fa9f7fbff5957;view;11/10/2023 08:00
18;2c55cae269aebf53838484b0d7dd931a;like;12/10/2023 08:00
83;18018b6bc416dab347b1b7db79994afa;view;13/10/2023 08:00
47;e04b990e95bf73bbe6a3fa09785d7cd0;like;14/10/2023 08:00
76;f8c32a45e507a177992973cf0d46d20c;like;15/10/2023 08:00
25;40d3cd16b41970ae6872e914aecf2c8e;purchase;16/10/2023 08:00
59;bc178f33a04dbccefa95b165f8b56830;view;17/10/2023 08:00
12;cc2083338a16c3fe2f7895289d2e98fe;like;18/10/2023 08:00
91;69828c5570dcdbd1609216d33fbad0db;purchase;19/10/2023 08:00
38;7b0746d8afc8462ba17f8a763d9d5f1e;purchase;20/10/2023 08:00
67;c5f4c94653a3befd8dd16adf2914c04e;view;21/10/2023 08:00
59;615ba903c134f439eaf8cdd1678ceb5c;like;22/10/2023 08:00
68;82c86a4d24dce5e14303033d7b658b78;view;23/10/2023 08:00
22;1ecccb43e0f5c0162218371916ffa553;like;24/10/2023 08:00
1;d1ac6d805fcdf75f9e00af611dd03ce4;like;25/10/2023 08:00
81;d82015ffbf4cd54b0edfb890002971f3;purchase;26/10/2023 08:00
17;39f1b8a2129315da0288cd058b6b6086;view;27/10/2023 08:00
93;4af0833f20a8421788fc04577b0ef1c5;like;28/10/2023 08:00
34;fd71391871b94ead84733bc272dd5886;purchase;29/10/2023 08:00
15;a84f14dd0114d78f178b16f093cab0e0;purchase;30/10/2023 08:00
80;f5b9392a03cfae8817307a36411c8b17;view;31/10/2023 08:00
9;89a993dbc079cc3fbe9088c8170b6f99;like;01/11/2023 08:00
11;84fb43b933850dc05e57a162c5ba1702;view;02/11/2023 08:00
8;af983053a35fa2a843092369ff3b400b;like;03/11/2023 08:00
43;6d38858169064c8b7069a19c90dd0ae4;like;04/11/2023 08:00
52;326ebcfaa8d5204b634b5648e88e2fe4;purchase;05/11/2023 08:00
71;a11d9462309527143094a0f68bce0a58;view;06/11/2023 08:00
25;fdd8daf07ddd4a23832f3da7d209252f;like;07/11/2023 08:00
99;c15e7efbe14b9bbcb8b7fe31f9818021;purchase;08/11/2023 08:00
59;5bb4a9aa52085ada20006d166b1e2f87;purchase;09/11/2023 08:00
75;2339c5be505bf647ebff669697c6bc25;view;10/11/2023 08:00
68;93c659c89f9a1a81374c61c3fdf881bb;like;11/11/2023 08:00
38;25a1fcc6db40f86566c5f2d902407b15;view;12/11/2023 08:00
90;171c7524e8cf032d08d1315f3a538345;like;13/11/2023 08:00
24;0b6ee0084290e441d87cd5db35cdabb3;like;14/11/2023 08:00
33;4449b3fa30a6becd3ede26511c8b2180;purchase;15/11/2023 08:00
95;4832387affc268b3c9d6cca70dbdbcb4;view;16/11/2023 08:00
61;487a3cc651bddbccb4738ef1e5aa40d0;like;17/11/2023 08:00
46;c3296d8ad42c3998c205f0dbca3998f3;purchase;18/11/2023 08:00
32;3d63af78f4051d04ff6244e9cd299654;purchase;19/11/2023 08:00
97;a1793c26a96a83a1544300a431e62902;view;20/11/2023 08:00
58;486702a222224c41f9e243713d03f27a;like;21/11/2023 08:00
35;6eedbf9388a4d905870f8fcd20790823;view;22/11/2023 08:00
84;dbf306088532d98d12f7da924cb4e87b;like;23/11/2023 08:00
87;437d953bb394e40c86873504d40e1b44;like;24/11/2023 08:00
10;e84e6e3a05a6fc610ff155b851fa1713;purchase;25/11/2023 08:00
16;54f37f5ba4be7549cdf4a945bf1bdaad;view;26/11/2023 08:00
32;4f41e104e3332ef045a90d8a294ffbd5;like;27/11/2023 08:00
47;a6c9ec0ff537edf9736f99b3ca993506;purchase;28/11/2023 08:00
56;2d835e536f3e4aed4005091fe3955ebb;purchase;29/11/2023 08:00
76;82be0dec20a875155a066440ef111310;view;30/11/2023 08:00
52;4cd74df98f6a204869dbc31ba3749d3c;like;01/12/2023 08:00
26;74c5d3de523d24384aa913b71d29689b;view;02/12/2023 08:00
97;43a663416f7a8325321942235dfa6ef7;purchase;03/12/2023 08:00
15;f1a2c4a6317e54e9c76377c79eb35201;view;04/12/2023 08:00
51;c4c4257e9c0a5257ed3affae5c568aae;like;05/12/2023 08:00
5;9ab3556ad20a8d9c1595d298972b2eae;view;06/12/2023 08:00
1;52c1091bb950f7466507179ac0bcbb86;like;07/12/2023 08:00
90;cb7fc27339298ae31485ce70a774f6cb;like;08/12/2023 08:00
29;5483f67f50a97a8dd7f404f80eab75e1;purchase;09/12/2023 08:00
49;ce9fd24e5a2b750d26c861da26ca283c;view;10/12/2023 08:00
56;ee4f7424fcbf4e3767bd0018e4c3e1d3;like;11/12/2023 08:00
50;a837eca35fd596cd19b7c5601a1342bc;purchase;12/12/2023 08:00
36;b4358a38037a7e7fbcd7fe16970e7bff;purchase;13/12/2023 08:00
15;83e5bb2c78aa73a08f2363e66fcd9e1b;view;14/12/2023 08:00
76;ca1066833c4acdb86c6f8d1e151d651e;like;15/12/2023 08:00
15;88f6235d5f16bcaf83a9fd886bfdd565;view;16/12/2023 08:00
68;37ec1604ef5bdfaaafd75a1bbaf5ec91;like;17/12/2023 08:00
42;a7a21a6b83ba70d2910c44d73b6b7725;like;18/12/2023 08:00
60;18bf3174cb5fcba9e72702c927019cb3;purchase;19/12/2023 08:00
86;27006457c5a1578ed9d45ff737055656;view;20/12/2023 08:00
52;b2c24314887c92d7464a191f3c54de52;like;21/12/2023 08:00
71;7b3118bcb208e06362ff2eb42d5b9b3c;purchase;22/12/2023 08:00
24;1195f9df08a6df42fdd8b1892c335889;purchase;23/12/2023 08:00
91;79b669f8f4defe34698c5248706cedab;view;24/12/2023 08:00
12;7254b59eae7dbde82de2eb3a5b9c8c39;like;25/12/2023 08:00
67;7d223d7689e145d8d69392167b122a13;view;26/12/2023 08:00
95;90fcab7631cbee136410014eea26a61d;like;27/12/2023 08:00
29;9485955016fda60d55229c43dc13bb94;like;28/12/2023 08:00
4;1f25e0968f5ab9451c985211bdfe4e27;purchase;01/01/2023 00:00
30;954fb803841ce010626740c8a776e981;view;28/12/2022 10:00
82;2b47bdb56e45a2bcd883dda0ac5c396e;like;29/12/2022 10:00
24;43cf83baf4862cb9f887c7dd08650162;purchase;30/12/2022 10:00
13;4c63c213190352c4ca32ee3f19a9f80b;purchase;31/12/2022 10:00
69;aa5d0f143bd2e72e59977889279f2cf9;view;01/01/2023 10:00
94;655d6a86d569a686be549cd34ebc3d9e;like;02/01/2023 10:00
39;39581e8e51beb8d3a0dd056baba4ff53;view;03/01/2023 10:00
72;67fb67f9191d3971c94200a3a3b9baf9;like;04/01/2023 10:00
75;473f3b4baadf9bb5d4748f2f27887e00;like;05/01/2023 10:00
58;eae3be3cc19d4e642c2578cba1703d04;purchase;06/01/2023 10:00
88;dbf821fa0abe44f1d29203623d5ee012;view;07/01/2023 10:00
94;30ea772fc1d42248ea26c4c5ad0311a5;like;08/01/2023 10:00
9;8406b5a5a8f4b30bd4a9fcc89cca983f;purchase;09/01/2023 10:00
62;d229c3105ea7858cd1d92641a34b4ec8;purchase;10/01/2023 10:00
31;72b935fe1a8026edc4fa21e68e6dfe80;view;11/01/2023 10:00
45;10e74e9a2789a22f0ec2c123456edf67;like;12/01/2023 10:00
34;8636a90d68d24c44934ef2ea51702f18;view;13/01/2023 10:00
63;78c66630b1b56bb6ea887ea781b07d47;like;14/01/2023 10:00
58;afef5d77b6049314aeb9c50421a2cee9;like;15/01/2023 10:00
66;0379ca9ef04209d1aae2106711eb7c76;purchase;16/01/2023 10:00
61;ed8d9032bc6d9f45b4db9209d693fdc0;view;17/01/2023 10:00
51;a8dc69040cc0bb452c92cfe9bb57aa1c;like;18/01/2023 10:00
3;9a895f02b4ad0cae5802632c1993eb06;purchase;19/01/2023 10:00
64;92791619f785a607f88bdf065b7f132e;like;20/01/2023 10:00
96;0304022236b299aad7bc87ea32e043ff;like;21/01/2023 10:00
84;814e4711e4823f8f00f058552fde21fa;purchase;22/01/2023 10:00
85;f6e664c2120ea19732b41350f460463d;view;23/01/2023 10:00
61;d0dc4bfe601fc59233cc92ffec45c605;like;24/01/2023 10:00
56;02d5d3748dc98cf913b93dc8b5c05c8b;view;10/10/2023 08:00
97;45208c800cf9482dfd24ef949a0f0cd0;like;11/10/2023 08:00
91;79e3041db1ebd4fdd038c9d2cf0ef04e;like;12/10/2023 08:00
11;49f3c6b312e7fecbf0ddadd4a080add7;purchase;13/10/2023 08:00
75;c709c8bd5fcca2e3e2ae32ba1d69faf4;view;14/10/2023 08:00
95;99da793d9f8a083c04df9911ceb60715;like;15/10/2023 08:00
51;8e07a9181d2ec9ee5950021ea3d8b2a0;purchase;16/10/2023 08:00
1;81f53d27640a0e3325dcd555c4e87fe1;purchase;17/10/2023 08:00
74;a849de4958fcf81230d956e8991ac7c5;view;18/10/2023 08:00
91;123de3c9efa5f49dbbc098068d94acc2;like;19/10/2023 08:00
11;c0fd11e864d351e88e9df728bbaa486d;view;20/10/2023 08:00
26;932626782438aa58a8222562b8bfefb0;like;21/10/2023 08:00
3;d9809a6fc787570b33d9f44c5d4e1415;purchase;22/10/2023 08:00
67;f880bf9d197e7e4fc752ca2d108cd67c;view;23/10/2023 08:00
72;b7bb0de40b81beb68392cb9eac930137;like;24/10/2023 08:00
63;28fb13c41d60ada29a481c17ad2f24b8;view;25/10/2023 08:00
15;cabef2309e492543d75e306c23cd7c5a;like;26/10/2023 08:00
78;7e4d77ac0e15f3966d5c3ac8839ae080;like;27/10/2023 08:00
73;41fa5a2332e5c062b2b8f2b14daa5e5e;purchase;28/10/2023 08:00
55;9069f341e27a58e956b9aa3920738ecf;view;29/10/2023 08:00
36;a6be2cb936c19bd031e72e8256003ab5;like;30/10/2023 08:00
21;8b3ed216e8ea2a65feb8843e16e57217;purchase;31/10/2023 08:00
4;1d6d1a47bc11a7549b994c0e8cbd8804;purchase;01/11/2023 08:00
39;8fd364299f24cb6ba28a5a93919b5cfa;view;02/11/2023 08:00
44;7e3cd8712b226daca73ba3ab3abde13c;like;03/11/2023 08:00
93;38764032a8ab8cbacc789a9419d2a020;view;04/11/2023 08:00
2;ff09acf412a4d6277345698d6038909f;like;05/11/2023 08:00
5;9d5a7160612c96058770fcc966a92054;like;06/11/2023 08:00
81;167a657569966c53f85837414f11fef0;purchase;07/11/2023 08:00
62;6bbd68078c73c7e597720418d5347070;view;08/11/2023 08:00
17;875a5a1374880f0c30bce7429ff4e411;like;09/11/2023 08:00
15;55259e7b18b0f9c485d920d401dafed3;purchase;10/11/2023 08:00
37;1d3b2d2a7a30a088f5c0e2976b8b37ca;purchase;11/11/2023 08:00
39;baa973c42b723622550e48dda886cff7;view;12/11/2023 08:00
78;c62585c13e47179bc4680213b47748f3;like;13/11/2023 08:00
95;a9c23e84104c2db9de9e2923e432f290;view;14/11/2023 08:00
92;e9d6b02c60503e7a5ab3d1dd31f1f21b;like;15/11/2023 08:00
16;15b3da22b8a28a4fd632e08d03af7c69;purchase;16/11/2023 08:00
23;01bbe4d02c928d24da487a8749ee2553;view;17/11/2023 08:00
98;20158a4c459ec9cb6c92aa966cf8196e;like;18/11/2023 08:00
55;2bf16bce01f0ab06c0541be020568640;view;19/11/2023 08:00
39;d97a81d04b9463ebced3488341e8df6a;like;20/11/2023 08:00
57;292439569150831eb76a89ccd95d97c0;like;21/11/2023 08:00
48;6932ffb2c1475a79312b47f46b24e64a;purchase;22/11/2023 08:00
92;dfd0ea3e5fc05786ed12ea1f083b34ae;view;23/11/2023 08:00
21;069bea5286f41eebb25793d9ca9b4ffa;like;24/11/2023 08:00
71;18cad95602932158f77c11ac60921726;purchase;25/11/2023 08:00
60;840962c7998fc95967637adcbbe40031;purchase;26/11/2023 08:00
21;f9e0af2ffca5b6eb42a2bf7b5954cb1e;view;27/11/2023 08:00
69;698082240a32748151cc4ae387ad68bf;like;28/11/2023 08:00
53;ca62888a827c3e100d7d568ec5566b13;view;29/11/2023 08:00
32;db0a553576007aa849546f6adcbac2ba;like;30/11/2023 08:00
2;590f3150f17afe14169b882ccb085894;like;01/12/2023 08:00
51;aade3ca10a67c48547cb7321a8bfdff2;purchase;02/12/2023 08:00
54;78781a21385e64c99625cfa04169930c;view;03/12/2023 08:00
16;0c9eb56d53ae22e149e1a74b1e26e2aa;like;04/12/2023 08:00
24;b16353a747c799db484e5bf81167c98c;purchase;05/12/2023 08:00
59;44af50aecebcfbca03654d2ab92aac6b;purchase;06/12/2023 08:00
5;f4d3330e05b15674aa1f2c5b4d044cd4;purchase;07/12/2023 08:00
5;abe81df9ab60b47485e890b36cb279f9;view;08/12/2023 08:00
58;40d32e8dde1e0d2f405a1cf18c401d49;like;09/12/2023 08:00
67;fa1866644e57cb438168bff84ece7c25;view;10/12/2023 08:00
3;19ef9573802bf0c2d880c55e29c92003;like;11/12/2023 08:00
32;9a368eab9859f79f2850773b36b01917;like;12/12/2023 08:00
3;5ec9d590a90fce754b08cc415627ef07;purchase;13/12/2023 08:00
71;c0b2f8b41d4c0aeb5be8b262063ff0a7;view;14/12/2023 08:00
72;42ff187aa557c2def78a7aeb7c5a3d25;like;15/12/2023 08:00
94;26175eb509322b28aecf0965db4fcae1;purchase;16/12/2023 08:00
30;8810d7ffdc995fd1905089cf090f2d5d;purchase;17/12/2023 08:00
65;37069a8a693f09448ea83242955ff56c;purchase;18/12/2023 08:00
44;f8b4583c361d8b91315d49355691c920;view;19/12/2023 08:00
94;a7f78ae6d123b12bd9285d3425076cce;like;20/12/2023 08:00
48;3faff4d14cfff86305b80201b1ace0db;view;21/12/2023 08:00
82;b3b7ff2bd00e31dac0f81505658112cd;like;22/12/2023 08:00
91;03a1c406637d39b830831a33b67ed4e6;like;23/12/2023 08:00
99;49a72f6326b0e800e35de10585b53b97;purchase;24/12/2023 08:00
75;4a1c57400118edff461f32f6116ea472;view;25/12/2023 08:00
52;43cd68313ad1554b93f6384cfa0c1ce0;like;26/12/2023 08:00
70;0d5ad41b9643f3b0ddedd4a4e66dad6d;purchase;27/12/2023 08:00
24;8094240b7ccaaea48c04ab37b889d29b;purchase;28/12/2023 08:00
63;d34cc15af5c365e8e4505fdbaec1bfbb;view;01/01/2023 00:00
50;3cb8cc66556c1b240fcdfdc9b89db022;like;28/12/2022 10:00
91;c0005a00778a24457415e0ed00885b71;view;29/12/2022 10:00
66;b6029381cfd07d63f72db466ec8e5370;like;30/12/2022 10:00
76;9e117154b3dd3ce367ca611560cca36d;like;31/12/2022 10:00
19;39887c2739efaea41c8ff64b2bcf5a05;purchase;01/01/2023 10:00
60;f8be834ac3d69dd71dcde215b308a38d;view;02/01/2023 10:00
28;ec05fb1e17e8206c1537dd9fc6cd4ca6;like;03/01/2023 10:00
2;67c5ad1b80a48100edd86b683ca6056d;purchase;04/01/2023 10:00
42;e38b5f6d4d43c40bbb254a7eb0ef919a;purchase;05/01/2023 10:00
9;8e34bfe8fdd48732e9f5c8fd0ae1c2a3;view;06/01/2023 10:00
16;8a099a7dd34305e8428ab48fca3fad79;like;07/01/2023 10:00
8;1ce0d10b52aeadc76bf43579d2d95aca;view;08/01/2023 10:00
4;c9ccb2238b43b1c07eeee6efaeec1f3b;like;09/01/2023 10:00
33;f2ebc91da22bc057f048bc35cea0bf6f;like;10/01/2023 10:00
93;d0777b6e4b75a1c3edac4547132635c6;purchase;11/01/2023 10:00
1;0c5298272cf8b8c881bfba43f0f9821a;view;12/01/2023 10:00
49;3b9ed9c6566b4f6327b418d5eded459c;like;13/01/2023 10:00
93;067feff8d867690cd1e496a645a88516;view;14/01/2023 10:00
38;80b61d90b88b9751fe83776533e8ea2b;like;15/01/2023 10:00
6;d001b4eee2dccc192af6aed5c5724dce;like;16/01/2023 10:00
22;4dc89545c42440c3130eacc99ac0e1e2;purchase;17/01/2023 10:00
55;b57b633c21bfcb3dfd83d4550c74d36e;view;18/01/2023 10:00
45;e57b5602e9dc1cb10bb8940f76343428;like;19/01/2023 10:00
8;e445b3013605b075f00d38a17f672c46;purchase;20/01/2023 10:00
90;69d94b2a9fd2f8d6af37bf84f5867d1b;purchase;21/01/2023 10:00
28;949fecfddf19be861707825572c4fd42;purchase;22/01/2023 10:00
46;3b56dd2a0da42e866058761279d61c19;view;23/01/2023 10:00
84;a3e13ab929e22c05eac37a51f19b85bd;like;24/01/2023 10:00
8;dac7268ed3332f952d2f68e90a722005;view;25/01/2023 10:00
51;16643516084cbe67f8a238a8b02f7287;like;26/01/2023 10:00
60;5d26b156688b9fa271225dda74884def;like;27/01/2023 10:00
89;d9f0af321c22c625b2a9145fbcdccbe2;purchase;28/01/2023 10:00
82;abcc5312aebd6624aa422881e192ddcb;view;29/01/2023 10:00
64;4d1942be02252103bc227133970db3ec;like;30/01/2023 10:00
100;399bb9009c2a058755faa7b1889fd2c5;purchase;31/01/2023 10:00
39;a6737b0c04b96b728bc14669376d3ebf;purchase;01/02/2023 10:00
60;b24cdf404d3a7505edcd35049aec46d1;view;02/02/2023 10:00
68;3ace0bf66d966fd622f6b46f025bd478;like;03/02/2023 10:00
94;98e34c37b5ee85b4c20cf72962b57868;view;04/02/2023 10:00
81;413ca2eda708e4b85343919c0e1e3926;like;05/02/2023 10:00
39;3de177e1a695a48dbf706d14e587021f;like;06/02/2023 10:00
61;aa6b0cc46a76b6ff6aeafa2eec3c7816;purchase;07/02/2023 10:00
25;81dfc6db189d68b3e9df6c52e6c05b5e;view;08/02/2023 10:00
51;4b64df884b56adb12adf150210014b55;like;09/02/2023 10:00
95;45552618acd76bfc988bbcc3a1b1c283;purchase;10/02/2023 10:00
94;3cdbb47eb172e3493578a8e34a03620b;purchase;11/02/2023 10:00
20;a69473e10884b515db3fd1641a482c02;view;12/02/2023 10:00
48;c9b11077922a9749af9a0fba287d4a9a;like;13/02/2023 10:00
89;7424129380500542d0249e85acd8650a;view;14/02/2023 10:00
24;c1131c0e691eb6bced30c8bb4d83d6bd;like;15/02/2023 10:00
11;17613b9ed88977175dae7a56ac633aa2;like;16/02/2023 10:00
82;4113d917ad2aebb11bda8be942af8c8f;purchase;17/02/2023 10:00
74;69a2f7ccc7fc205e4b465055f6290243;view;18/02/2023 10:00
70;f31bfb4819c532127aa16ddf8760c57e;like;19/02/2023 10:00
76;f014ccef100ac3121c4522e693fa737f;purchase;20/02/2023 10:00
47;891db9b404384c144c8f7821ec997c35;purchase;21/02/2023 10:00
45;5b9175244eadc52976fd651d4e652ae8;view;22/02/2023 10:00
28;1b57c36db1c3a2466b249260467066be;like;23/02/2023 10:00
9;7edbff77b5a1963eafd07e27ce66f5f3;view;24/02/2023 10:00
84;29aee387a9199d8f3f330193aa2eded0;like;25/02/2023 10:00
93;4b77ea4b37f80f95958af3fa2eb2b300;like;26/02/2023 10:00
10;22bccbee6c18e566f04592da316e3c34;purchase;27/02/2023 10:00
85;339800b086da34a39a9ae4c4c5a02f48;view;28/02/2023 10:00
9;b501e323c7a740ad13e56a952dd36dfe;like;01/03/2023 10:00
96;f686fb07d2973557ef45f532b928e458;purchase;02/03/2023 10:00
49;82d6de2993fa037d25d5c72ebe3d3243;purchase;03/03/2023 10:00
84;762c9ee1be7ca359274fecdba946cfe3;view;04/03/2023 10:00
73;24bcd58cf8d6107db9b7f332c2135e48;like;05/03/2023 10:00
43;d8aa0b362b490a7e52e800af61d24bfb;view;06/03/2023 10:00
71;ceb83bfa91665801a1b91aef401fd799;like;07/03/2023 10:00
9;37a6a6e890884bb482d93c8e9291bbe8;like;08/03/2023 10:00
38;2d584ce3af7e45ddaf7cf6b437ee2dd4;purchase;09/03/2023 10:00
11;466d00b55d13e340fa2738697e795259;view;10/03/2023 10:00
38;37ed1450d4e14d6f886b36e6ce7305eb;like;11/03/2023 10:00
30;a0ab6d26f3316848cdabb34aa091697b;purchase;12/03/2023 10:00
94;c2cbb52a1cbbd9cbd15af7e1941b8258;purchase;13/03/2023 10:00
84;844a6914bca4e87d8f5e5707363d9453;view;14/03/2023 10:00
12;8595d2bff8411bf8ce6c7eb9d82c8b34;like;15/03/2023 10:00
1;7b76de91893329969ed1d92bb3f160be;view;16/03/2023 10:00
97;63a6d2414653205df2a58cfe59c9515e;like;17/03/2023 10:00
37;a40833749bb2b49c0b4e20eda18b2498;like;18/03/2023 10:00
44;c16b45bd9a78192f515943d6e9a0ce6e;purchase;19/03/2023 10:00
19;92450364e622ad81cbb50ebae1157e68;view;20/03/2023 10:00
68;9eb85128798f24fca126e4640b941417;like;21/03/2023 10:00
81;dea30d4ffebdef86db48683ea1eba3e1;purchase;22/03/2023 10:00
78;d49b828318fdd2a558f8009a4dddab7d;;23/03/2023 10:00
58;90f3d45ebaa97aabd593470630268c84;;24/03/2023 10:00
83;8b205983b35a7751fe26ac6a2bdf0fda;purchase;25/03/2023 10:00
76;40ba2b8894421bb803d20811e37e08bc;view;26/03/2023 10:00
55;fe89e1abfdd0674db0fcce601edff4a5;like;27/03/2023 10:00
55;464420bbe766978dc412f3290f213fd2;view;28/03/2023 10:00
6;ae3b5b98ce5d15302ca627ccd64d43bf;like;29/03/2023 10:00
59;d5da00041b0702afee4d235142c67625;like;30/03/2023 10:00
30;17f96f39eb7728be6910508a529710ea;purchase;31/03/2023 10:00
46;13c572dee5928098154a952ec582115f;view;01/04/2023 10:00
84;ede3d4a0a98b7e0a5a8cea4240498c1d;like;02/04/2023 10:00
26;35d0e484bbb4687112e52071376dde6b;purchase;03/04/2023 10:00
62;2e2d46cee23bf6e46bcfc3202be60176;purchase;04/04/2023 10:00
30;896dda12412dc704c34b162e81eebf21;view;05/04/2023 10:00
73;ff6da764e297a604a998d3d7b6ea6304;like;06/04/2023 10:00
6;2fad8b7fef6553a6e24f08f21191441e;view;07/04/2023 10:00
93;467d2e5a3a63120804e28b928cff426c;like;08/04/2023 10:00
49;11f0583299c812341361ca81ada5bf0b;like;09/04/2023 10:00
94;892cac2d4cd163b5a93bf10620269b6e;purchase;10/04/2023 10:00
80;cc200bd5afb47bd3936cbdc6b80cdd37;view;11/04/2023 10:00
99;ef19c63947c9fda0b1d80b5f060d838b;like;12/04/2023 10:00
47;1415fed85fb0f78111c2572fdf57dcd2;purchase;13/04/2023 10:00
6;193bbc5ac833527b38df3f6c88acdb56;purchase;14/04/2023 10:00
46;0a92d664b10f16e38fb86cc591ad182d;view;15/04/2023 10:00
16;fbb3dd5666d96d6f33dc05e8ef36c966;like;16/04/2023 10:00
35;d05ce0cf8892e4a9ad56b2b3b7b68a8b;view;17/04/2023 10:00
30;e8ca697a9f4d83302063339fcd7ad253;like;18/04/2023 10:00
70;5c987de5f8692ccd546aa3785645e6eb;like;19/04/2023 10:00
100;507f45a97083f6f8ae4fb0fd11963d32;purchase;20/04/2023 10:00
57;bb8abd646e2df22707d58d6270d4d0a4;view;21/04/2023 10:00
5;b7be8e6025ce0e162a03f75e965d02d8;like;22/04/2023 10:00
62;1a87e17929a9a29a3161a87fbb86a18e;purchase;23/04/2023 10:00
25;37cded0a92727142293921e711c05e7a;purchase;24/04/2023 10:00
90;0c36cae77b88555642434d7dcd34fa9b;view;25/04/2023 10:00
10;eba165b021370ee68be2236652cf06ae;like;26/04/2023 10:00
72;99ea31e1aca2db1727ed485118008d90;view;27/04/2023 10:00
20;2244b6a3a3c80cf3d148eb7b09d0e193;like;28/04/2023 10:00
25;52a31da0589eb4f53ff09a214636874e;like;29/04/2023 10:00
56;ded138c8d2e126d79ccd19a8d0c7f192;purchase;30/04/2023 10:00
26;33b592927ec0b9b5124d0cdf1cbb15df;view;01/05/2023 10:00
40;b7fd8f1258a131e5e20066bc2560193e;like;02/05/2023 10:00
46;0b9df9bc7f554b556776ce0cf62debfa;purchase;03/05/2023 10:00
63;b00971a083cd293c234215584fbe6d34;purchase;04/05/2023 10:00
16;1bc287229e08f42b571719d876fd9390;view;05/05/2023 10:00
23;a2126b343317aac5d5fce0fb498ad4b6;like;06/05/2023 10:00
24;5a76892f67e472c7a6935cda3efee951;view;07/05/2023 10:00
41;89354e527633105bd209522dcd6f0260;like;08/05/2023 10:00
64;c1f6fdcb7200c11653033eca32baacc4;like;09/05/2023 10:00
46;89d180e819d5a779ddec1f8737488821;purchase;10/05/2023 10:00
71;c4516bf26345dc3de65d173bfdc3416f;view;11/05/2023 10:00
21;c55cde944712e8ae97b1569b2d82747d;like;12/05/2023 10:00
66;9a414245dc3972e6301c7ea239088881;purchase;13/05/2023 10:00
21;fd5f30eec19fcd525cfce4efd0124576;purchase;14/05/2023 10:00
75;261cf236f4281151fcccf8f90e144147;view;15/05/2023 10:00
52;556d2fda7ee6b66818e3f31fd54f43a5;like;16/05/2023 10:00
96;10058ba82ecd504989675551e5fb7360;view;17/05/2023 10:00
45;aa6d59104ede603e4c486c0bde64d133;purchase;18/05/2023 10:00
24;3a13b9c9a1b922cf008f2eb9f06e59c4;view;19/05/2023 10:00
47;32f1237c983ceee4d9c3c952c33766fd;like;20/05/2023 10:00
8;9cafc73a54b4dfb12845194364cdb2ba;view;21/05/2023 10:00
59;f70e028050eb2d24a8d58873ff1d7fa7;like;22/05/2023 10:00
20;27633cffdf413fc07e6849da45f9d3e6;like;23/05/2023 10:00
12;dbdb8165477d4b70d901415170902cd1;purchase;24/05/2023 10:00
97;d9ec7333c69f7bd2511982a9f9cd9c80;view;25/05/2023 10:00
84;b69d5e6261edae26ffcbfb933d0c7770;like;26/05/2023 10:00
75;c2998ccb6be79d1166e19f9feefe7148;purchase;27/05/2023 10:00
20;58da81392cdc50ef4d56464fe08c7ced;purchase;28/05/2023 10:00
3;3123f9557a14299160bde77c2e1900be;view;29/05/2023 10:00
53;14da748f818712130140ab3abe781503;like;30/05/2023 10:00
35;45a3eeaba75bd329f67fc26638ec19e8;view;31/05/2023 10:00
48;78b8d7a3166c84993a3add86f29f20fd;like;01/06/2023 10:00
98;380dde547eeb28d41c6f5b561aea75be;like;02/06/2023 10:00
30;a9120f43a7645d15d502315dd97c640b;purchase;03/06/2023 10:00
23;1a66894a4da3d5abbe0e00ef968b74df;view;04/06/2023 10:00
21;41fe68f3332ef5ff294535579043f733;like;05/06/2023 10:00
40;9bb9ad66025e751bdb6fbc2b88483726;purchase;06/06/2023 10:00
11;c391dce19a39e8076c6c3ecee695bb6e;purchase;07/06/2023 10:00
72;2e3b37369be0633d811e2dfe32959c1a;view;08/06/2023 10:00
27;fd0d9b564c242bbd846f26e1398ff547;like;09/06/2023 10:00
73;a041fc6f48b723642eb89da08f501da2;view;10/06/2023 10:00
17;af52cdd7cde02264eeb511188b53ec09;like;11/06/2023 10:00
88;369c54274e90b76be94f206b351e0d1f;like;12/06/2023 10:00
86;cc91d2b941d4bcca4dd633ce4036b62e;purchase;13/06/2023 10:00
47;28542abffa52b9df26dfe23b900af606;view;14/06/2023 10:00
8;3188e0840a1e0b3b878b6b9267f3b643;like;15/06/2023 10:00
2;7944411699d80e83681914a7c74732cc;purchase;16/06/2023 10:00
91;8983edfaaf5bcecc0ae5e30e11023aa7;purchase;17/06/2023 10:00
41;9baf24f25158ca43e10a644dcca23af2;view;18/06/2023 10:00
54;003fed6c097d330b68fee5ca499eab24;like;19/06/2023 10:00
66;3a165de98664f7a9c26cec87cf690473;view;20/06/2023 10:00
63;afa8b1ba43278ecbea1f9e5d509f5d4f;like;21/06/2023 10:00
80;3d1a393e41fa6167e39445e5be0a6c92;like;22/06/2023 10:00
12;22c1b9375835364542afac83e6bd14b0;purchase;23/06/2023 10:00
15;cde02efb5ef6d865d5cf0c2f2e6b3e44;view;24/06/2023 10:00
38;4f292609b885b7c321aededb356f0942;like;25/06/2023 10:00
20;940e3cb2f317465975d3eb84d5b5b705;purchase;26/06/2023 10:00
36;c08b94a4c71ffbebcc8ce8e8f59301a7;purchase;27/06/2023 10:00
43;99f0ee11c5bbf19ea9d73d0073979854;view;28/06/2023 10:00
50;eed6cc485fa3f9bf7198c7f0cd306aa7;like;29/06/2023 10:00
27;cd9a44f70a3b4d88370a70f1d436af41;view;30/06/2023 10:00
68;32c4cf00f3535bfdff88ffda600f69dc;like;01/07/2023 10:00
83;e3863d72695739ba0e28f309ae0ba647;like;02/07/2023 10:00
13;6f12ed34925f9493750ec9bff68acca2;purchase;03/07/2023 10:00
47;031e2e0c145b46ff6ed4fbded1e837c5;view;04/07/2023 10:00
93;f758e8ad3dcd636efbe2a18bb80ebff7;like;05/07/2023 10:00
57;ec8a992d46f0a547465ef987bcbedba5;purchase;06/07/2023 10:00
62;2d5e7261022fc03bee16074d8a833b97;like;07/07/2023 10:00
31;612ee4086381c0390869d2544d6153d3;like;08/07/2023 10:00
89;ee99550f3696ae1229034dc376be972e;purchase;09/07/2023 10:00
37;6d6401d4a7475283046132dfc59d2a69;view;10/07/2023 10:00
90;6bb745b54c3144e5584f1e420b994366;like;11/07/2023 10:00
9;d795733b09333b487db7a17fbb6dd0a9;view;12/07/2023 10:00
14;443dffffe6264a6f2ca54a5e8084d775;like;13/07/2023 10:00
85;e4ff4216066d05b063e8d868c67a590f;like;14/07/2023 10:00
28;bbd4619e106b914d04d0cbe4d21b9184;purchase;15/07/2023 10:00
71;f9f41658f9fd5cb046389f632b947e74;view;16/07/2023 10:00
63;392b2107bf8291f3bc0e53203f1a4e3b;like;17/07/2023 10:00
72;554b218f98d7938948cafc7bf6f374f5;purchase;18/07/2023 10:00
87;36c53f6d8274afb67a09ede1561c90bf;purchase;19/07/2023 10:00
34;6dc471df2d6fcb0d46e8f042134ff4c6;view;20/07/2023 10:00
2;98218fdaa910a1aaac79601fa7dc2329;like;21/07/2023 10:00
85;107c034c19c8d89d2f2b4ce9edc4754b;view;22/07/2023 10:00
25;76e70ac342ce11a5abe981ca88961122;like;23/07/2023 10:00
59;36d9422869af3d53fbb444a2db92db5f;purchase;24/07/2023 10:00
78;873a1332aab2b3995adc88c8c7e5ced6;view;25/07/2023 10:00
89;a4008dba4bc66e5c9ba90dde03d1ca85;like;26/07/2023 10:00
100;83a744e2311f5559c046ef66b4a9be32;view;27/07/2023 10:00
8;f2a271ee62bfe39f77ac3c2b5fd21682;like;28/07/2023 10:00
78;5de20b16a5c96f526bca96a77950ce68;like;29/07/2023 10:00
94;b895173a5ad0ec3f370777cf0953b52e;purchase;30/07/2023 10:00
54;c80b0f60fb9f690cca5ec1617d08544d;view;31/07/2023 10:00
31;d9bdcb4e843715a3a995ed7bcabbe466;like;01/08/2023 10:00
96;9952053dcd6dc43d321a85127afc4051;purchase;02/08/2023 10:00
22;d6125dee74cc6bae8035983c25b17a55;purchase;03/08/2023 10:00
48;7f5d9f977fbf804f17928816aa5de975;view;04/08/2023 10:00
8;490df829d7167350d0c31b79771598e8;like;05/08/2023 10:00
71;7b40ceaa6389f6dc2f2c74d3a6db5ba1;view;06/08/2023 10:00
31;676a467799b972146ba70da05638fd9d;like;07/08/2023 10:00
67;51bdbbd95b928bfbb661182a0dbb9298;like;08/08/2023 10:00
52;c8eaae7172f31014730444541a5dec24;purchase;09/08/2023 10:00
37;5d2cd71320b430ffc298dff178670639;view;10/08/2023 10:00
32;bd3c1a4e6625e068bedaac904581d1dc;like;11/08/2023 10:00
86;97f1fb00a793066b4792c1e728ffe32c;purchase;12/08/2023 10:00
3;74793917046a36f292036ccd256993cc;purchase;13/08/2023 10:00
74;8c6dc0fea5f1fb705b6584e88d0a0b68;view;14/08/2023 10:00
69;a601e05948728acf3ebdecc8bccc7a0c;like;15/08/2023 10:00
58;dc811120b28251887517cf8ee347f10a;view;16/08/2023 10:00
30;1e66020ad147e596049fba1e57a136ed;like;17/08/2023 10:00
20;b879585abf9d0876160b2ff904be2aeb;purchase;18/08/2023 10:00
24;66a7a3ea1f063e4ad0f35eccb5d90aaf;view;19/08/2023 10:00
51;c243771d92e29acdeb46fb246cf2052e;like;20/08/2023 10:00
2;5db081f76b3b00864df00ce5575bb4d9;view;21/08/2023 10:00
84;a06a272fa6f90439b2667c2397577d1a;like;22/08/2023 10:00
36;80230840d3919b1a3d818ea5d65c833f;like;23/08/2023 10:00
66;06ee7da78ca5a35987692489faa0e218;purchase;24/08/2023 10:00
49;9420e473c9c22a99f456589377f4890d;view;25/08/2023 10:00
34;a232e83df7a7893f4bd045817fcd549b;like;26/08/2023 10:00
44;8fdb341a6b8b3241ee75f3ee426a6b63;purchase;27/08/2023 10:00
1;9b4ff72e146531ab746a9f83d7c3b869;purchase;28/08/2023 10:00
88;7798486f248ad175434ad6b80b775262;view;29/08/2023 10:00
78;0fa554c4ccf89c766ffb5339f722a4fc;like;30/08/2023 10:00
23;1183014c904e8334b03808d877a28c95;view;31/08/2023 10:00
74;c96032048fa5c809469d7a35aae08e4c;like;01/09/2023 10:00
65;5efed4ca5e1d1298828cc60ea425c972;like;02/09/2023 10:00
78;891cac5659f0725d805dd7bd8f2d533f;purchase;03/09/2023 10:00
5;63f9c5bd25e96254c9af8424667ffb5e;view;04/09/2023 10:00
37;93c58d1e0750fd139519720eaf1aa3f0;like;05/09/2023 10:00
53;90f190666061ac8135229f7d6de7e34a;purchase;06/09/2023 10:00
2;7c9baddfec5619a1e8221383500f7d38;purchase;07/09/2023 10:00
96;6f15e433a39f5c0fcdaa627012bf1b57;purchase;08/09/2023 10:00
45;d7098648e3572010c607138d09906a70;view;09/09/2023 10:00
74;482d94e075c08a0d71b7970b9e4b149c;like;10/09/2023 10:00
23;ea790c8ff8e5cbdfebabdd43bdf4adf5;view;11/09/2023 10:00
11;96ae3a263bcae1ffd757103d9b936e24;like;12/09/2023 10:00
50;8b09c74647cc7f0b3167b6fc74f7ca9f;like;13/09/2023 10:00
93;fc9698fb20c8cfbd2d1fb4ed51c8e7f7;purchase;14/09/2023 10:00
38;d74cd8ac495b66c6a89a62d9a7f90c7b;view;15/09/2023 10:00
36;c417809e737d83bba1afeb09defd2935;like;16/09/2023 10:00
54;aa7e32862f2b6938a700059b42c9a93e;purchase;17/09/2023 10:00
19;ca60bfaf525369543188f03b98d5d75e;purchase;18/09/2023 10:00
51;70f736c95aec58fad1d62b178f5dab32;purchase;19/09/2023 10:00
69;eeb4ac09dffafbae6c754c4e17e54563;view;20/09/2023 10:00
46;4b0f70af46f6e939e6166a6dd5eeb125;like;21/09/2023 10:00
35;5cb38d6335013f8f1a9b5c4700d1d326;view;22/09/2023 10:00
45;804c9155f31ee81aa93143d96b82a7a6;like;23/09/2023 10:00
64;2b5bae68de4270ab34625cd49eb8a511;like;24/09/2023 10:00
1;800e0ec11379fa8948cd9d78eee1dfff;purchase;25/09/2023 10:00
84;52be5df83e35e8eead95bf914d24f020;view;26/09/2023 10:00
81;fc76bacb3b74ae68f86fc60a80053cf5;like;27/09/2023 10:00
61;122efd61f2d945c53b6c359846136062;purchase;28/09/2023 10:00
23;b47ca8eae8e6379f5a5104574833bd66;purchase;29/09/2023 10:00
58;86090a638af0c59430e7bf3fa2c89921;view;30/09/2023 10:00
70;d9128b943775533a855a2457eb1e3401;like;01/10/2023 10:00
28;39478c1f7ef6ebefe5b8e7fb39b47a8e;view;02/10/2023 10:00
46;da6ef7ae796610b9949756af447db734;like;03/10/2023 10:00
8;0bff6416c2b7ba1275f592f2f24c99f4;like;04/10/2023 10:00
10;3540c0a24abfe24acd2a323c9d4864f4;purchase;05/10/2023 10:00
78;100b6e625e05e74635fc1481067b09d2;view;06/10/2023 10:00
96;97161ffe82d6bd9c701229fcdcc347b5;like;07/10/2023 10:00
10;2f868132d7ee90e0ff145a36a80dbcd8;purchase;08/10/2023 10:00
98;001ea8215e519a8388c1f1574662550e;purchase;10/10/2023 08:00
89;563ae1d1b23568590c037dcf2a4cf920;view;11/10/2023 08:00
28;79e3f1d7df90f458b44dae0a73c90cf0;like;12/10/2023 08:00
54;0b2fbf8879eec6882103a84ada7d4565;view;10/10/2023 08:00
11;2f270c6bd06db95194593c55e0ac0fee;like;11/10/2023 08:00
19;c881b55fb556457eb6c4d83537d702be;like;12/10/2023 08:00
92;f4c61a5053a6a67652a5e28906640b22;purchase;13/10/2023 08:00
2;d67a78fdd5dfd3b059c72c32b6177194;view;14/10/2023 08:00
57;a97f991fac7370f7f1026a1197591c71;like;15/10/2023 08:00
1;9b4e518ecbf2de1b36fa8663ee86a010;view;16/10/2023 08:00
10;5b981f3e3beda9ebb63c865f2ce7cd78;like;17/10/2023 08:00
60;83e1df7906eaa2373b7d8d0c825046a7;like;18/10/2023 08:00
9;992400c7cac86772801a85d109cde9f0;purchase;19/10/2023 08:00
17;033530196851b71b35ecb470eaa07ef9;view;20/10/2023 08:00
87;1f0b0e418eefb7fd3b0ca295f4d7ee86;like;21/10/2023 08:00
56;210556ce06745bafdb69d17623f1a63a;purchase;22/10/2023 08:00
49;7b02d2bfcadb05549d4aa8da3a6e3177;purchase;23/10/2023 08:00
16;9ff8a336c85ad48009684552340f8485;purchase;24/10/2023 08:00
66;899645f35b214da0ae594e309d8d6ea4;view;25/10/2023 08:00
80;8aa4e1feb43f3e2dbf954ae83ed04145;like;26/10/2023 08:00
69;ae6366212a85f6f178fe5071c20bbc33;view;27/10/2023 08:00
77;cd63d155763e0c8bd52037b65263edeb;like;28/10/2023 08:00
81;baab91821f3a93c31b0d2bfab0f7245b;like;29/10/2023 08:00
27;69eef08a7e51929fbc98e4650d15215c;purchase;30/10/2023 08:00
61;564de1b79313706db506e3d5f06aa4d3;view;31/10/2023 08:00
87;a7093d78205a44e17b2771b9e807fbcc;like;01/11/2023 08:00
77;2eae820fc975e1b08f2c2992c65473ab;purchase;02/11/2023 08:00
75;9d1e87ff204e64c01d39f92a2dd26484;purchase;03/11/2023 08:00
3;74324d9afa459e3189dab32236d819d4;view;04/11/2023 08:00
91;94619f03268a719d137c5dac0fb79095;like;05/11/2023 08:00
59;52a631caf68514f7d2fe3711340846ec;view;06/11/2023 08:00
89;ff21beb8b88fab3dd112ddff6265a946;like;07/11/2023 08:00
25;dc7928a4acd49f06e9942ff3abcb9bba;like;08/11/2023 08:00
27;d94c0dc1c0215ed6b3918f5c7b2a08cb;purchase;09/11/2023 08:00
47;cec948582e096cc23f0c63a25c80419f;view;10/11/2023 08:00
52;0b85b52c3c7867204d3f4bb460725a48;like;11/11/2023 08:00
100;c8b3cd29605c96af3a868423ac952842;purchase;12/11/2023 08:00
61;0edbfd34ef79ed168a66ff581debbcb1;purchase;13/11/2023 08:00
61;5310456a9c3fd0efcf88ac8879e43225;view;14/11/2023 08:00
79;c31c86aa12e45adebb6a1fb39cd372c5;like;15/11/2023 08:00
59;3d33ab2be8c8366c2e156ad715e4cc3d;view;16/11/2023 08:00
5;ae285073e3935fd7cf360eda4bd8f650;like;17/11/2023 08:00
57;a1c7c4ef478ab59176ecb83fa2faba89;like;18/11/2023 08:00
14;0f18da1fd51ecf280374f2a330a44fc3;purchase;19/11/2023 08:00
4;f95d1b5ef83cdf5b7bbe9377adfbd1ec;view;20/11/2023 08:00
19;f11aadaebb7796882e964c8eab11de67;like;21/11/2023 08:00
12;b417eaf8a7f76cb8d4b82ab2e29c3eb0;purchase;22/11/2023 08:00
38;e2baa87b9a39e6f40f55b72695c3b08f;purchase;23/11/2023 08:00
76;e2f0fdf2a00e656d9adaa5e3080c7ec8;view;24/11/2023 08:00
29;9082da93038be5d10eba70564f6d30bd;like;25/11/2023 08:00
88;7407a4f30db5d28c253f1d9c706a598f;view;26/11/2023 08:00
11;2275a06e2b00ebe2ac9c954ed6a47882;like;27/11/2023 08:00
38;bcb0f9a5e52b01477a062760d2c19a98;like;28/11/2023 08:00
5;104413c59fbe630a67af9bd1399a755c;purchase;29/11/2023 08:00
37;999829f079b1c0ede0eeb1470b018921;view;30/11/2023 08:00
99;efc9a9dbb1aef23874149134c2993b68;like;01/12/2023 08:00
72;445500cac0eb96d50d06411215ef16d7;purchase;02/12/2023 08:00
94;86a945cbd224573b5522263690f9a950;purchase;03/12/2023 08:00
47;b41aee6135da69e751f68be1d711df68;view;04/12/2023 08:00
32;a2ade3d8592d6349965a1f2b52a159a1;like;05/12/2023 08:00
67;1ba3bb6855958551930140accecfbe30;view;06/12/2023 08:00
31;f4048423c6deb2143363d5e80aadfcf3;like;07/12/2023 08:00
9;f598b1012df8d9fc96fb5c89149f52d7;like;08/12/2023 08:00
55;93f9547c8ade66eb42934011c318f9e0;purchase;09/12/2023 08:00
44;efe905e97d20aaf830f4ac451b230ac1;view;10/12/2023 08:00
15;0cd25752c56def154e9919e71217031f;like;11/12/2023 08:00
45;4dd0765795a35d8f6250da5d56dce607;purchase;12/12/2023 08:00
15;342b2bbe677c81722e64f85bf3b60d49;purchase;13/12/2023 08:00
77;982ca130651000684c789a08c3eaca05;view;14/12/2023 08:00
26;6dae2c6361ee15109fee165f0d5daa78;like;15/12/2023 08:00
6;1e2a731ddbf2e2e39a56e0978db0b3b3;view;16/12/2023 08:00
57;ddf25e0cd601f72c9813bf79bd82e3ad;like;17/12/2023 08:00
22;11ca759175ce64a6f118c2d2ff4c4119;like;18/12/2023 08:00
1;1d1a6a9cae9cc1ce691491239a63a824;purchase;19/12/2023 08:00
43;0b875d54bbfc8902a6f053db9b395052;view;20/12/2023 08:00
1;de670bd21f0b8d643f2c49ff0fdde61d;like;21/12/2023 08:00
54;1952b686e7dbbdce310bb111a9f02683;purchase;22/12/2023 08:00
44;693ba00b2a5afe2846f0e525e2d0e4a4;;23/12/2023 08:00
15;2cc7135aa3dfe84b2a07094f0c45fbf9;purchase;24/12/2023 08:00
71;7ad28d595700c5e619fdf8159e0be1bf;view;25/12/2023 08:00
89;8d76096ed885f32328083ded4972a195;like;26/12/2023 08:00
24;254a6f073ef81233afa0c21d13c92ab4;view;27/12/2023 08:00
82;68acc2597f746be58be880e6d4df2cc1;like;28/12/2023 08:00
73;727186c2f311e0a8116633be8411fd93;like;01/01/2023 00:00
62;0ab94c7124b3daaf3ea13b24384b6e39;purchase;28/12/2022 10:00
69;ee4d6ee628cb91f08fdebc9b5c0bde9e;view;29/12/2022 10:00
7;d7123f13acb4e6f521c4299ac8aa30f8;like;30/12/2022 10:00
67;424084c339ac914d340e3ebce8473e17;purchase;31/12/2022 10:00
13;bb73dcf116b625ee294970951b6a5f55;purchase;01/01/2023 10:00
27;539ed3efe7862680a8feb8bf2718d2f5;view;02/01/2023 10:00
22;e87dd1fcbb133c80b2c89687e8edf739;like;03/01/2023 10:00
56;e62e033094221892fb6caefbbf81397f;view;04/01/2023 10:00
51;9bbf377ffb579f99c442d7985af045f2;like;05/01/2023 10:00
51;2ca852f75453280fd74e1ce8841fbd80;like;06/01/2023 10:00
36;b0afcea9fcaad5acfc8158231e319581;purchase;07/01/2023 10:00
2;2259a76efa7fe554a68e881a12958aec;view;08/01/2023 10:00
48;9386b26d1b9f851e63cfd3b41ffb13f9;like;09/01/2023 10:00
25;1eefd4a9f26e2d87c4c6313fae4a9806;purchase;10/01/2023 10:00
22;0317f1c0995643ad222ccf3ad5e48b14;purchase;11/01/2023 10:00
91;24f9f7e193c6571e7b597bdf79ad7504;view;12/01/2023 10:00
36;3ed31e63edc7ea2874acc976023dc12e;like;13/01/2023 10:00
77;50c208786e908cd56b6deb9a43ea5127;view;14/01/2023 10:00
31;b6cd2a308635f7e74d0ded67949e00fc;like;15/01/2023 10:00
94;cada36e0aa06f7112ee9d4b8a927a04b;like;16/01/2023 10:00
30;0bd20123abf8264c64c829fddefcd75f;purchase;17/01/2023 10:00
55;5a2190ec98ca300eb6b3ae39a3d1b13b;view;18/01/2023 10:00
78;a0752a488f655852eba37d94b2df41a0;like;19/01/2023 10:00
49;cf6b14c946bfb8a6df1c5b05d60ced5b;purchase;20/01/2023 10:00
65;c9f38149cd0c59576905c321b265103a;purchase;21/01/2023 10:00
21;67e15b8448411e7979e97815894e194d;view;22/01/2023 10:00
62;1ad4f9656b2adbcea3d1b2729812a794;like;23/01/2023 10:00
13;73ed26066a85038048c5fc8a331e5cef;view;24/01/2023 10:00
14;ab5b28d061997722e77ec3a24b90ee17;like;10/10/2023 08:00
8;d2b917cd9fbe4a9e80a6b8586d6d5204;like;11/10/2023 08:00
1;6f97293a7ce6f78a3eaaf6eaaa3ea3d4;purchase;12/10/2023 08:00
79;0bd50d3d0ec8094bb4692c8fb7008d84;view;13/10/2023 08:00
66;23cc6fae7c7e8d489417c54c4bc3b288;like;14/10/2023 08:00
47;07ad500243385f87158e5528b69d8095;purchase;15/10/2023 08:00
100;9e36ec56b97e87c6e198d8f959f9a432;purchase;16/10/2023 08:00
26;b035f19e14382265040e3c8eaf37cfdb;view;17/10/2023 08:00
24;e90a33df4d9b1e018a14d688bff39092;like;18/10/2023 08:00
43;71c46a2cdc047e2f4e72062a85c7ccbe;view;19/10/2023 08:00
2;2f1580c5ef760fa86deb9d4531ee21b3;like;20/10/2023 08:00
57;ed40b96bb7ee7a0586c0e1461ebd72fe;like;21/10/2023 08:00
3;d62b181f28e36fafe787b890ae215a9e;purchase;22/10/2023 08:00
35;9daa8fdb5dccade00da2ac755c2f723d;view;23/10/2023 08:00
95;df6d0f507ec71574c08499b56beed9e2;like;24/10/2023 08:00
98;a72c6a061e0d20587d2ac21a402857b7;purchase;25/10/2023 08:00
61;3c755f43a9e8250eca55f0d29b72122a;purchase;26/10/2023 08:00
46;25b717ae71c8f05f08aaa053dec0cb1d;view;27/10/2023 08:00
98;cda1a975f31d901e2dc7901a75e5b917;like;28/10/2023 08:00
72;2f4971bbb84a457d8569c1c0bb98088b;view;29/10/2023 08:00
24;b2888965b2eb97c91650669ae951765f;purchase;30/10/2023 08:00
88;6eb080a2fb050a168259b81c4085cbfb;view;31/10/2023 08:00
77;38ef557fcd34dd8be43120efebd0629f;like;01/11/2023 08:00
35;e2068e3b6d8566f0f4a175c26b65db3e;view;02/11/2023 08:00
54;406ce50d5ea33c0ad82f787f2697cc30;like;03/11/2023 08:00
65;46df1381b7dccff517a272bdb4b727e5;like;04/11/2023 08:00
28;5bef396827c8a7d0b2e1d0bdd698002b;purchase;05/11/2023 08:00
47;5caaf089f37595fdc5333946fcd0c56e;view;06/11/2023 08:00
57;9ba26b43016cba318f40cccb1a816d47;like;07/11/2023 08:00
39;ce8029f5d8f4a4e0f99ae6187fae74b5;purchase;08/11/2023 08:00
77;719f2de9289b1fc7e6d90ac50bdddc23;purchase;09/11/2023 08:00
35;75cee6637016dcdc96260946913551b1;view;10/11/2023 08:00
70;0a369def7c5324420c12d74ee0bb0b1c;like;11/11/2023 08:00
37;8d78447af25f8b12fa76ad2617898627;view;12/11/2023 08:00
26;dda4515a08f8d69803c525fd546469ad;like;13/11/2023 08:00
33;fcde17872991aba2ecd1ab4b77df2a68;like;14/11/2023 08:00
71;97eeac8d58c7693935c8c762947c6901;purchase;15/11/2023 08:00
3;10276898a5e93af662fec780ab42baa9;view;16/11/2023 08:00
45;d98e9bf18765a085ff00824b2b01c8e3;like;17/11/2023 08:00
26;99908fa9c92da386af75956b8d1bdf1f;purchase;18/11/2023 08:00
49;62613aab30c6cf3f14baa97c39f3ca3f;purchase;19/11/2023 08:00
36;39b096aef3779c21449759292009397b;view;20/11/2023 08:00
16;97d5f489e7284c6b8fb5996353107899;like;21/11/2023 08:00
90;1854989b83660f46947d929d8492d1e4;view;22/11/2023 08:00
7;85ff97a7e5042497b092defeb4f1557e;like;23/11/2023 08:00
34;267bd63660006ea038288cde7dd2eb75;purchase;24/11/2023 08:00
32;2c4c373b50185584fe6fcf24fda96f41;view;25/11/2023 08:00
63;40527cea26bc7ddb88ebff961121cafe;like;26/11/2023 08:00
52;90892465488132ab8421232a5f18f778;view;27/11/2023 08:00
48;46e17f2156a4634f7c77774279c90cad;like;28/11/2023 08:00
17;aa04f0ed5a1e8bdaa7cc4c523d46d44a;like;29/11/2023 08:00
92;655649a621bac2f90306e32854d0e9f5;purchase;30/11/2023 08:00
11;2e294ff92299c1a5a4de339e01d213e7;view;01/12/2023 08:00
98;7d628ba3b390414d16da7a2b9029801e;like;02/12/2023 08:00
12;870b1970e9328e5123a78fe4e4417e79;purchase;03/12/2023 08:00
74;198651a0f2df856435f4e7401d2329ca;purchase;04/12/2023 08:00
23;187dcf4510d85b0035b8e2a428228126;view;05/12/2023 08:00
68;716d4aadb5afd2f2c7adee9add863c03;like;06/12/2023 08:00
84;0b0fc61bd7c7471f4f10bb3f64f3cd81;view;07/12/2023 08:00
30;87fab8bbe3e8f7ae3f57816abfd588c8;like;08/12/2023 08:00
71;ec10c55bf1e07fad674423fac911c1c8;like;09/12/2023 08:00
48;2ccf4867d742a3664af73b6875bb3453;purchase;10/12/2023 08:00
75;8b2831c6c51d3ea6da51024c8a40debc;view;11/12/2023 08:00
90;df8c036ec8d40e702e853121ca734208;like;12/12/2023 08:00
24;e843148804a37106a9b8a700a1ff9d3f;purchase;13/12/2023 08:00
83;2f151b429b2fd57d8ae42c98c873b37e;purchase;14/12/2023 08:00
46;b1c2b53139312b5f592a74f7a00c9f26;view;15/12/2023 08:00
39;51cc8af27c34af55e15c230d4ba6a417;like;16/12/2023 08:00
72;e61c306d9f8982fdaa2af5d8b1236bfa;view;17/12/2023 08:00
37;df51712fc6d683d5af6630975898ed2b;like;18/12/2023 08:00
19;94b0ec323c8fcf4afa71657732e45edb;like;19/12/2023 08:00
12;f19de211a3c460a2ecba3839235db5be;purchase;20/12/2023 08:00
20;451857d0c1385a1466c3c846fdbf6ab1;view;21/12/2023 08:00
39;8154e84341a41ba44c1979e6f6c37452;like;22/12/2023 08:00
13;e86b0ab6b2ab0a210d924d3b1a069904;purchase;23/12/2023 08:00
1;d2f0f3601c49ed2cb7345fb2fe54fd47;purchase;24/12/2023 08:00
40;4cdc72c837fab5c11b2e35fb2be40ea1;view;25/12/2023 08:00
67;8ec04707ae69b692605f956ba756c495;like;26/12/2023 08:00
94;4b292facfadda05a5cb54ad5899d7dde;view;27/12/2023 08:00
79;ed104e45872869f2e5d24cc814812e23;like;28/12/2023 08:00
77;d83623d6a0d8941b89563920247983cb;like;01/01/2023 00:00
48;106179e8b546df90238b1a3661f3c7eb;purchase;28/12/2022 10:00
49;ef15311c6bf66d62d38c20fcc307f15e;view;29/12/2022 10:00
44;2c9f14425586e21823f60a1c9f1d89c3;like;30/12/2022 10:00
91;21d76ddb14c14c83aa81f6ef32617594;purchase;31/12/2022 10:00
77;2608efa986e111813714a43dba24b085;purchase;01/01/2023 10:00
71;36430ef76cf85e430e011f812efd3b08;view;02/01/2023 10:00
41;6dd7d8c3f54ea1ed9ad958f757a2e665;like;03/01/2023 10:00
11;3d29276bb43bb483cb809d422ba0d277;view;04/01/2023 10:00
50;a1829996fafee6780511930213f123d9;like;05/01/2023 10:00
96;effc3e452591be81ccd4bd8297048668;like;06/01/2023 10:00
30;918686ea87ed7c9435159b21afa19b1f;purchase;07/01/2023 10:00
15;f573cfc50335ce96b33e93e26399ef08;view;08/01/2023 10:00
67;ae52ba51dba91bcbe1b2a4815903c40a;like;09/01/2023 10:00
8;5d8ef640219042434eb95d1e723d51e0;purchase;10/01/2023 10:00
83;6553b6b4f5a7e87832ee5c7dd64ed098;purchase;11/01/2023 10:00
56;e0d9c3e07e03c73824e04bdd598f9004;view;12/01/2023 10:00
1;b34cdd9047f24c354607ec23356fe5b0;like;13/01/2023 10:00
65;6e93ad0f9f9f357694e6f4e139ea1f2b;view;14/01/2023 10:00
36;9d8ca24e5e2d531fb768aba114205c47;purchase;15/01/2023 10:00
70;c48736364a0ff8ec30fb0cccfdebf63c;view;16/01/2023 10:00
59;90cecbe5d7a187ea2579aaeb74edf7bd;like;17/01/2023 10:00
48;21c508ae798e06a19964145d278a48d7;view;10/10/2023 08:00
11;95c8b9f143733178d64a46b162b4a1ab;like;11/10/2023 08:00
28;7d456d8ab59114a291d759a236e88dff;like;12/10/2023 08:00
55;0a506633fdac76fea95f40286b01d007;purchase;13/10/2023 08:00
92;1bfe3ec784c7cf150fdc1876889a9801;view;14/10/2023 08:00
41;b73b6e39b8e00d9ba65b733f452acb13;like;15/10/2023 08:00
3;10968425526e4a5c6df88268a6b72f7c;purchase;16/10/2023 08:00
37;0aea512116b5ef0b910d41626c678aac;purchase;17/10/2023 08:00
56;7ab336058c9ddea0f77a3699e41fa72c;view;18/10/2023 08:00
94;1cbc9f63ff9e2de539782f5e65b71f64;like;19/10/2023 08:00
46;158bb4a18484611b05b0476aa403faee;view;20/10/2023 08:00
84;cd041984679cb9e226991b3da821b9ba;like;21/10/2023 08:00
51;164964ecce0e32d8697acc9687f22dac;like;22/10/2023 08:00
89;5f54876d29739ac58647d9755e0e214b;purchase;23/10/2023 08:00
47;102a785d22d5a5431d76b1835b85cc31;view;24/10/2023 08:00
43;e9a28220de16fc4aaaa0be937c91065c;like;25/10/2023 08:00
29;d873563f5b73b6fddca1319aabdf9cfe;purchase;26/10/2023 08:00
94;7f04d4c5aad3d586293f63e4ca1f086d;purchase;27/10/2023 08:00
54;c1fbdc588db5bdef5d2511e66c2ec54b;view;28/10/2023 08:00
45;d2e608a1de9583b4d3ca1b9650af589e;like;29/10/2023 08:00
91;48fde5021b815d533c97037a5ca2f8fa;view;30/10/2023 08:00
13;cdceb846f727eec24a2bc48d3f5ddb71;like;31/10/2023 08:00
37;290b4c3bff96e538e6d0750c7656cda8;like;01/11/2023 08:00
84;68e0097b8cfb244218c2d73898686033;purchase;02/11/2023 08:00
59;5a709427823bb1f3af9826484720b689;view;03/11/2023 08:00
19;dce35ecf2cbbc21cf2ecb80a5d1bd25b;like;04/11/2023 08:00
63;191f6783c92e290843244190c68029dd;purchase;05/11/2023 08:00
76;1f0b63f41d6e271f170dd1372f6b3032;purchase;06/11/2023 08:00
38;f01417fb4287bb0adfb13da1b5988497;view;07/11/2023 08:00
90;476671763094f8a5bc21d588b68e585d;like;08/11/2023 08:00
47;b590c8d153fcec83cc12c13573f1024d;view;09/11/2023 08:00
92;52c48f7082449357eb79cf7973647185;like;10/11/2023 08:00
36;7d7a33fa1a0fec4f9f21ffab09abb7fb;like;11/11/2023 08:00
12;29374067636efcdbfdb23dfa689f7a2d;purchase;12/11/2023 08:00
24;2f48d2d8715e14c8db96bdc61fa4ebec;view;13/11/2023 08:00
71;74ef211f22b8337a3bb0c44a0c9541d2;like;14/11/2023 08:00
30;c1bfa22716a11a912a370723c4877e50;purchase;15/11/2023 08:00
97;85d9f764da30a735bf30dc4494398c30;purchase;16/11/2023 08:00
41;63364f20856c8a990860acdf5d449781;view;17/11/2023 08:00
66;91952b716ba665cebf59c112c7250f57;like;18/11/2023 08:00
84;1efa393ab48f1c7f4914d3cb534ec277;view;19/11/2023 08:00
69;0eb841a3dca04b0cb96a433bf4460ee1;like;20/11/2023 08:00
4;8591e8c903be2fe00731c05aecc5fa96;like;21/11/2023 08:00
87;58326b92e98431ef3aaf41e18b9caf4c;purchase;22/11/2023 08:00
64;598412ef90f2f3c391013fb10943130e;view;23/11/2023 08:00
2;5cdfd80e4c5dacc09bbf09c4258d3806;like;24/11/2023 08:00
37;3cee92e17483f36f7dfff6cb8f78cef2;purchase;25/11/2023 08:00
77;3cbc280baa4b44e548e34ce8ce04a079;like;26/11/2023 08:00
72;895d56b6df94593a1c06b44b388dbbc4;like;27/11/2023 08:00
7;def41984a2f562573bfee5bf3994e47e;purchase;28/11/2023 08:00
13;7841ca45070381fd9f402290d6502649;view;29/11/2023 08:00
56;afedde0dbe30970c5d3a2bf163b5c4c9;like;30/11/2023 08:00
48;4b3004d478df7f1f4428cf2ad430f6df;view;01/12/2023 08:00
1;e95846a4397cd254e4aab9fcb7b01618;like;02/12/2023 08:00
2;064737e60f15ace354b84578f8a02991;like;03/12/2023 08:00
28;749f036e6fe60769791e0dac36d2f680;purchase;04/12/2023 08:00
66;99b96009653e0b49d152607cca9b1a24;view;05/12/2023 08:00
26;5a5379ceb12c4f1f339220b96048ad26;like;06/12/2023 08:00
30;57cf282b5587d3f2f809283c4cc78779;purchase;07/12/2023 08:00
63;1722dc7993e15fa6e2007b898df1a1ae;purchase;08/12/2023 08:00
38;87cb5ff4ce251243c3e842d85ec61ffc;view;09/12/2023 08:00
55;48f80efb1aa09922d99160c45c00e585;like;10/12/2023 08:00
80;53b6b078c28b1df9e9d1b011798e5b8e;view;11/12/2023 08:00
44;10bf8fbf6cf77f4f2451d0e5863082cf;like;12/12/2023 08:00
20;e1dfce2d1dde3638b90e8239e194da78;purchase;13/12/2023 08:00
92;0fdeea1043b2c4f3b79cfe1bd04d6884;view;14/12/2023 08:00
5;36d56b3ab3616dd55d0a362f2827621a;like;15/12/2023 08:00
38;abf736bf23edb054be180f31508f8c21;view;16/12/2023 08:00
17;3e012348c41f851d3f355f94afa1090b;like;17/12/2023 08:00
86;774882770c29f099941ca4f463f073cd;like;18/12/2023 08:00
75;944f2d3b608153c864dfc923451a8e16;purchase;19/12/2023 08:00
23;3d8d2e7ac5891acb9b05256dd861fd15;view;20/12/2023 08:00
81;2f67e558a184ce6d21407966c51a85b6;like;21/12/2023 08:00
62;cefa46ce0839434da149694d45a77181;purchase;22/12/2023 08:00
59;a18777f2f58cac8a9781717e4c8cb4a8;purchase;23/12/2023 08:00
23;df848a17111cb1f2adbe0d2ddf7fdc49;view;24/12/2023 08:00
27;dd98f98206237b7b04b8a52f6378e173;like;25/12/2023 08:00
86;59ebad57e5f5bebfec5d55b9871dc7bf;view;26/12/2023 08:00
52;cecf18d17ddbb4783cb2fb70a0c4206e;like;27/12/2023 08:00
94;e1e8e034ef73f182067e946abba304ca;like;28/12/2023 08:00
25;02219a2cea8568b829119faeb89a018a;purchase;01/01/2023 00:00
51;63c6129ff357ce4f0d163e219323f82c;view;28/12/2022 10:00
64;d142b81a7958b067003bbb589022ba14;like;29/12/2022 10:00
1;86206da37c9119c234bb1e016d5942b1;purchase;30/12/2022 10:00
2;9069db92c464982f9c1c82d668ecd603;purchase;31/12/2022 10:00
28;785489ade16c9c888af9d6c1ca38bc3c;view;01/01/2023 10:00
87;fd2e06578a3e59f066c0d5241a44d1a7;like;02/01/2023 10:00
30;ef6471dac1a966d77b075669f1c4dc57;view;03/01/2023 10:00
55;80f6d3aa1ef6dfb71eca87ab3407b870;like;04/01/2023 10:00
80;0f360728a5a4b8374722b472a97fbe70;purchase;05/01/2023 10:00
1;7dccc6873676382e599b51ab9ad9b508;view;10/10/2023 08:00
8;b502c36b512e6f0475b08c0b7ce1ba86;like;11/10/2023 08:00
11;81e9e84e9195ddf50756a3b02c0caf43;view;12/10/2023 08:00
22;5437db4c4dafb347df2c36204b9b3917;like;13/10/2023 08:00
93;053460fe68011b080fea27586ffe2a33;like;14/10/2023 08:00
80;a92b32209a8b3175459b7f89d9a012b4;purchase;15/10/2023 08:00
60;0109d9888cde8695196f8ba817699bba;view;16/10/2023 08:00
66;508495177665755dfa5e9515ae6aaff2;like;17/10/2023 08:00
3;2571b007023ab6f3d6e43e6ee2b660d5;purchase;18/10/2023 08:00
20;8d00e15b704a0ba2f86ea3dc4527b367;purchase;19/10/2023 08:00
44;c2d20c05566d8b9047bf0ab158fc499f;view;20/10/2023 08:00
9;1a0e4f61d6a387d353fd9183d303316d;like;21/10/2023 08:00
19;7575893e055e9973b20321cdc162a66b;view;22/10/2023 08:00
14;637f04d8724d035165c9218e745c33ba;like;23/10/2023 08:00
65;0e10271f286aa2135101375e060fef95;like;24/10/2023 08:00
56;30abe95e89f6ee4e1004b58b90577a6a;purchase;25/10/2023 08:00
82;d1864fb38955b53e812b8659343772f8;view;26/10/2023 08:00
89;a92c3db26324a3abf7a46b82547d7632;like;27/10/2023 08:00
54;eff4ac46812019e9b1f4490f9a27514f;purchase;28/10/2023 08:00
71;b884aae388fd30195262bb0b5431b99e;purchase;29/10/2023 08:00
52;bdc23cf547750e638698fcef24d843ae;purchase;30/10/2023 08:00
74;5d55c2554041f68c5d374ab0107cc430;view;31/10/2023 08:00
78;d35a70d338676470fb62dfa8936d791a;like;01/11/2023 08:00
100;74127b66edaeae96f9f8fb8e2128acf4;view;02/11/2023 08:00
30;4c972f9d7df35c7c3c2fb3ef9f69b678;like;03/11/2023 08:00
5;59db9b2b8b0bc67105a8fa2c958386db;like;04/11/2023 08:00
65;8286d7fb2639ff6e0d94f3a90ee64b0f;purchase;05/11/2023 08:00
96;71d82b41f2cf8ccb5e8af19b1c05ee90;view;06/11/2023 08:00
1;648d5ddefcfe8ff7d727c11e48fae75e;like;07/11/2023 08:00
97;4dd473c291721eb18247991f22c25182;purchase;08/11/2023 08:00
1;d2cbabf462a8910f4f7dd1e935599837;purchase;09/11/2023 08:00
88;a4030fa428f31ae61e3889892bb98d45;purchase;10/11/2023 08:00
67;0a76a714aa0033d736d7aa7dc1885f04;view;11/11/2023 08:00
89;fd3dfed13bd546c46511b27a90daee9d;like;12/11/2023 08:00
48;20d8e5c78cfee1d2b9862bf1d0e5fe37;view;13/11/2023 08:00
75;c7ea595dbeefc0032ef277165dfedbf2;like;14/11/2023 08:00
68;1b26879171e821d8092aed67d50182f4;like;15/11/2023 08:00
26;038fa0440dc2b090e0a04c33edfff391;purchase;16/11/2023 08:00
38;dba59d1ad2ceffd22ea9a2e1f5228af3;view;17/11/2023 08:00
38;4d7b3b558563dc98c144598755ffc77d;like;18/11/2023 08:00
42;704f447c29102b5abaf9eed84c18010c;purchase;19/11/2023 08:00
31;1d016233a79c98fd21eb8db2fa5a10c4;purchase;20/11/2023 08:00
97;a96200bf0e847a15f64366eef7a131ef;view;21/11/2023 08:00
17;8e2edbdf567e387efaa31b777dfdbe06;like;22/11/2023 08:00
62;052eb6831c3637ad279ba5f758291437;view;23/11/2023 08:00
81;3a4b7edfaa89709be2471822b09162ff;like;24/11/2023 08:00
28;7bb81c4cd72c16869a03d6e7f46bac6d;like;25/11/2023 08:00
70;b5d3dcd9857209923e9d91671c9b5424;purchase;26/11/2023 08:00
86;5c13c9238f828757bbf3e4e8490c5779;view;27/11/2023 08:00
85;58d2e7043725286b9d3cecc10ee7adc2;like;28/11/2023 08:00
97;d273a6f273df95104c6d51f98c0ab541;purchase;29/11/2023 08:00
47;12acd05d33b45dd884cfbbaba2338608;purchase;30/11/2023 08:00
42;07f3f6efbdf1f4fa6a63d8253a98d9c2;view;01/12/2023 08:00
67;9b9d00d9ee98aff3945d9a43e0de844b;like;02/12/2023 08:00
80;fca2e28eaa439c6c2f429e56e0d16252;view;03/12/2023 08:00
68;916c6f6b8270d52bf52e815cb2150730;like;04/12/2023 08:00
3;1321610d2378ce43a3a3849a31904bec;like;05/12/2023 08:00
24;2864cd7f67cb38786b9075dac75095f9;purchase;06/12/2023 08:00
48;9690414703801430d2eb09234a6c0d34;view;07/12/2023 08:00
4;bec8f09c94841e39022edc4957120a1f;like;08/12/2023 08:00
4;265038f622f0d300f8b51ab47659b6d2;view;09/12/2023 08:00
67;528eef766624a9d8647aae220782d7ba;like;10/12/2023 08:00
89;27e8533c619e2c6514b37a16d042879a;like;11/12/2023 08:00
82;9dd1e902152897761b0350482e730c77;purchase;12/12/2023 08:00
66;5bd7f6269757f25f811ddfaac9306226;view;13/12/2023 08:00
1;895dd0cf6e762413e95377e4cdbf0483;like;14/12/2023 08:00
24;f0862e368c886e083214bd0bda2733fc;purchase;15/12/2023 08:00
67;646a7d919b4ebc7c75d2cf483b833aac;purchase;16/12/2023 08:00
78;cd09a01ef064c57a5e5cd9a5cd88c722;purchase;17/12/2023 08:00
25;212ca4a227eb08ee1cdd2d4bb610a8ca;view;18/12/2023 08:00
79;b592b19f4531ba5dbdc2e03a4c1cd5fb;like;19/12/2023 08:00
51;7ebd78cc299d48673cbe4d5d38233f3c;view;20/12/2023 08:00
43;efedfe4e17ed2d8728f0e4b823eb4348;like;21/12/2023 08:00
82;27ee4df540bb65025c70be7e1052c8f0;like;22/12/2023 08:00
64;ef5df9ecca3d83fc26d786e7e2cf690e;purchase;23/12/2023 08:00
89;8b6805ce6eb0a798f84bdda0be0977a6;view;24/12/2023 08:00
49;ca04e499ad2209fc552cfe9c0f1159a8;like;25/12/2023 08:00
85;a976f2a3882587425bbf44ae7de547d9;purchase;26/12/2023 08:00
67;9080830693aff4fe1019c51325a6ea5a;purchase;27/12/2023 08:00
69;13a9b31c88f9eb8b19c949980de5a5aa;view;28/12/2023 08:00
85;bc4b1284a25486a4e25cdfe77f23ec25;like;01/01/2023 00:00
73;3bf26ff5b8dfb6d7101aaf98d9bdf7ba;view;28/12/2022 10:00
95;ea5373e6ca7e332d117a59f9fc5301da;like;29/12/2022 10:00
86;5904074c7d9e3a8895da7786301cf38c;like;30/12/2022 10:00
90;83c5d5b3ba41c3753edb021d8b53e0b8;purchase;31/12/2022 10:00
43;bbdcf06ce9c516469c52de2296a340f2;view;01/01/2023 10:00
78;de676f54e914cc580fc8c5973e8fc0f0;like;02/01/2023 10:00
38;732d5c51f07d651b2072def656bd6093;purchase;03/01/2023 10:00
65;a061473e1b146bd8eae72570f3cfe8ff;purchase;04/01/2023 10:00
64;b75a5c14b4d4c3c6a7b36a9754e54d14;view;05/01/2023 10:00
35;b68ad9cbd748c66fd3811ccee19a91ef;like;06/01/2023 10:00
12;dc1855caea4c65e837576f848cda1ef5;view;07/01/2023 10:00
85;9bbba85ef78707b297b609dea181b164;like;08/01/2023 10:00
20;624290f7a9ea32ac6d2e1e0c30bd36e0;like;09/01/2023 10:00
5;ea5c9c223405080d4e865874e5397333;purchase;10/01/2023 10:00
97;8109adf8e72fe439c4e78373cf4e7932;view;10/10/2023 08:00
95;514378d28d95b71ea2d446219b51a4c9;like;11/10/2023 08:00
40;470e493d0ce54ac8016c4eb2bb721512;purchase;12/10/2023 08:00
77;9a44b870a0089070f78303e493f74806;purchase;13/10/2023 08:00
68;a8f94130b00d8d15fdace9c10fff3143;view;14/10/2023 08:00
7;d6d4334f93c958b891ae2fb5cdd6949f;like;15/10/2023 08:00
11;e133f0c3142423bf13dccc315ad2bde8;view;16/10/2023 08:00
72;b211c1b4e0845807da58425ba9b40e62;like;17/10/2023 08:00
96;93ada703afc7b7b04f796f088630143c;like;18/10/2023 08:00
100;08250dcbada4cd9dd72368b174c6d0b4;purchase;19/10/2023 08:00
66;754e9101ec37ebdf7dc3f44f74a6afe0;view;20/10/2023 08:00
79;1f890ec1f6e59fc7844045aa03fcd4c8;like;21/10/2023 08:00
75;fc25ef8a945024e9559e52680ed8a802;purchase;22/10/2023 08:00
6;66fdb1cb810f2f3dc58a9eabb05f5036;purchase;23/10/2023 08:00
32;2709f23df9a9c200bbedc815ae162d08;view;24/10/2023 08:00
93;aa6089e31824b72cad6fddaa2d06fb28;like;25/10/2023 08:00
7;7c699d88c9649e7c6bf6d4afd45454a6;view;26/10/2023 08:00
79;d44f0932eaa1f522b73583b625b04459;like;27/10/2023 08:00
8;9b3c0ad33fe5741674a00da94c29f926;like;28/10/2023 08:00
94;cce39cc11d3af888f8d79ed2842acf45;purchase;29/10/2023 08:00
42;56d493aa1dffc6c8c623d0e42d66f991;view;30/10/2023 08:00
2;3a616dfc5d159c0661ba647805d4a756;like;31/10/2023 08:00
68;d80f24a2d6d94055fa07a5f4ae81d7c8;purchase;01/11/2023 08:00
43;f09303c4b66053940daf1858816445b8;purchase;02/11/2023 08:00
45;b3a3b18773657261a7fdf8c76a706d40;view;03/11/2023 08:00
24;e329aca09247a5959f1980d6ab66ad1c;like;04/11/2023 08:00
39;f2580bcf05694d26e1725bc11d1464ad;view;05/11/2023 08:00
90;ad4941365a53d21f8b7745fe4a7577d7;like;06/11/2023 08:00
22;29b2140b891dfb955af3d84f27dd74f9;like;07/11/2023 08:00
43;adbb4cacfd5c3379a09226a880e7eae6;purchase;08/11/2023 08:00
74;6b964629a56556fcffc1fd1a42d4affb;view;09/11/2023 08:00
88;fd2f4edae2bb7032679995c48a596d76;like;10/11/2023 08:00
28;6b29a73ef59f4495d1793780edd83a73;purchase;11/11/2023 08:00
30;86927a1ecbd562febed68a268ef24e9e;;12/11/2023 08:00
39;2efb24558840733cac0e41d212683303;;13/11/2023 08:00
9;20cdb7342d98772d3cbd8cb88bd586ea;;14/11/2023 08:00
40;9f219b0c11fa3a6e4775f55cd8f7bfb2;;15/11/2023 08:00
68;5954de49bd0247f467efb60adf4b097b;;16/11/2023 08:00
91;c3b81a8343c8a48c14604b15641601ee;;17/11/2023 08:00
62;738eacbc67376a08663901e8291e4bf1;;18/11/2023 08:00
76;68c9f01bb00a8755b62d98bddff46aa5;;19/11/2023 08:00
18;479ae13acf295d3c1b926558733617b4;;20/11/2023 08:00
84;e6cbd717f1a76dd5ce59e3a966de88ed;;21/11/2023 08:00
57;6279c5ac4eaef01ae1059f1b983f3186;;22/11/2023 08:00
55;b6d850e97cb0d0b03f3efdbafee541b1;;23/11/2023 08:00
36;040cc9a38cc90a49b73b621220692421;;24/11/2023 08:00
35;6123f7fee209374d6b62d0acf25c28c7;;25/11/2023 08:00
25;1014e8066ba76d7a38eeeaa09680f258;;26/11/2023 08:00
75;32f0d0e41c67f54a40b8f9986d68c5a3;;27/11/2023 08:00
92;39d32b78f29fef8f0e0747189d4dfa91;;28/11/2023 08:00
69;8a92b29015227e30670108800c12fe19;;29/11/2023 08:00
38;77a47aef2b037eb54e21705b6d9c6036;;30/11/2023 08:00
6;2a2a6a9acff5cdd4e82c4c31771f04fe;;01/12/2023 08:00
18;ec112ba6c4af4643995e8cdb4335d8ab;;02/12/2023 08:00
54;0fb96877db60e45d40ce700526c786c6;;03/12/2023 08:00
63;a8dcc79a0625ab0d8176407b5d7a329b;;04/12/2023 08:00
36;55de9481dbb7f18ccea36503c1bb2f41;;05/12/2023 08:00
98;761cb818a02a3c524f4ae77c66bbfb90;;06/12/2023 08:00
16;2680ec896638bb00301fffab3e441452;;07/12/2023 08:00
1;2a3c2f9e43b57006f31a452981a4e083;;08/12/2023 08:00
5;1ba407788b0feaa71b3a8d04f1fcd884;;09/12/2023 08:00
19;2a21d3c3c405543f61119cb127dc9e08;;10/12/2023 08:00
92;8d854df67a7d2cfcee3426051b26aa93;;11/12/2023 08:00
32;f9ad79da2a9539955b8223ce85e6268b;;12/12/2023 08:00
61;96494cc882772ae0ab689f6701cd7adc;;13/12/2023 08:00
61;265a876cafb7572dd2b2d18ed85623a8;;14/12/2023 08:00
53;7c8077382761095a9a6f17c010a5b31e;;15/12/2023 08:00
56;8262b1da2a9252ae01a145d52fd225ab;purchase;16/12/2023 08:00
24;b3a104c9dc32ead9e4cedf136cb4b278;view;17/12/2023 08:00
98;6f1460e915b6db7349fbd3fc0732b911;like;18/12/2023 08:00
92;ef5aa9dea0f09e0d71c0a84c5df1a2fb;view;19/12/2023 08:00
42;6f050b473f7fdb3d4a2cc58fae5da3b0;like;20/12/2023 08:00
80;fc4480d52c4b444b5325aca80de1152c;like;21/12/2023 08:00
25;3408a6f5dad0ca63a3ce1cf2759213ea;purchase;22/12/2023 08:00
53;6a51377e5e107d734a0a8f7247fdcf3b;view;23/12/2023 08:00
22;08bbf6410e2f3ffec18120ace0e9abcd;like;24/12/2023 08:00
39;1dbb4395d86ad73edf108f6c2ae70ca6;purchase;25/12/2023 08:00
1;33839ee182ea6d04c847dcd280cf32b7;purchase;26/12/2023 08:00
89;47037a88f94060344ec869b54fdfd8ea;view;27/12/2023 08:00
88;61908296bd96a7f39a12d49b0ff50abe;like;28/12/2023 08:00
71;c01ce799b6b0788692e41c525d392653;view;01/01/2023 00:00
36;faf870468a198e03a6c52f8bc3858466;like;28/12/2022 10:00
3;e78de010a6f6d5fbe6c9f6de3bc2247d;like;29/12/2022 10:00
62;5e840b8d466a44a5d0b657978e7fd6bf;purchase;30/12/2022 10:00
37;b2c883392130b5c0c2bf6c5caaaff0d9;view;31/12/2022 10:00
35;69ef7da047574d1bd7739339af1c868e;like;01/01/2023 10:00
21;0ce877cd69fa9422f9ff3595e16a7f56;purchase;02/01/2023 10:00
15;64a23649bd8bfc3a220823ec8c73a2c5;purchase;03/01/2023 10:00
59;5f8ecad80795504ac2ce82f193cab483;view;04/01/2023 10:00
62;905bdd162328836c97b5678f4bec3d99;like;05/01/2023 10:00
66;45b93b86b9e90c75587fe4719b9d043c;view;06/01/2023 10:00
4;7afbb7728b386f069ca24ecfdea13fdd;like;07/01/2023 10:00
50;6548d83873381e40960908ea1ba9e38b;like;08/01/2023 10:00
11;6525b7bae4e7c7a8387acd01f65865ef;purchase;09/01/2023 10:00
53;3c13e2a052bcd67fb16315e8cf8de0ca;view;10/01/2023 10:00
6;9e75025011222d326b1003974c8bf8ed;like;11/01/2023 10:00
39;d36766dad65a23944abc11a4c16b3577;purchase;12/01/2023 10:00
71;2c05aa6dd0cd98a17e9b479e864ce72d;purchase;13/01/2023 10:00
5;adc9187107bb415351ce11db8731f0b2;view;14/01/2023 10:00
25;4843e153f5bf2f01943d089c30d1144a;like;15/01/2023 10:00
80;c4ad851a03efc644820043a1f17fa3f5;view;16/01/2023 10:00
49;de436256ea0f1c4805c690ff01070224;like;17/01/2023 10:00
25;78ecae34632f5eb2ad27da6d92095cbd;like;18/01/2023 10:00
82;0338da11b6d49e83622a4123d9610ea5;purchase;19/01/2023 10:00
91;021e3482fd1ad2bc239775e72b9e099f;view;20/01/2023 10:00
85;f4635d6e2aa6c481ce6dbe3def047ea6;like;21/01/2023 10:00
70;eba1c78f2ef43efce1a0b829de177fee;purchase;22/01/2023 10:00
27;fafb7e9da173e466f9538dfde71421f3;purchase;23/01/2023 10:00
82;346e8a4a78d76f8dbcb1de5a697bed25;view;24/01/2023 10:00
85;efcc504ed1dcc1ffbcc7fa7251855cb5;like;10/10/2023 08:00
52;25c4e5d0498a1ca443930f4e5270afcc;view;11/10/2023 08:00
54;74261d996d7ba2d8d7338d9d5f444289;like;12/10/2023 08:00
84;0ef60aa154167d22d302f38e4a1b860a;like;13/10/2023 08:00
11;edcd8552c6847028d2be4769aa03d52b;purchase;14/10/2023 08:00
34;eb1d8a6fc716e53ca19a1d75cdcd67ad;view;15/10/2023 08:00
59;542323a94c027844d1bc9e233426cdfc;like;16/10/2023 08:00
69;6d973efbc197cbe71cecd0e95dbd9a76;purchase;17/10/2023 08:00
56;e9ea65ba1bbe24ea133e70b29340d8a6;purchase;18/10/2023 08:00
3;3e989e8c0ffb61f3ebe9688d7132b8f1;view;19/10/2023 08:00
23;414f32b0876e491f9ef425cd8ddfd584;like;20/10/2023 08:00
38;1c8e4629bfc97fc56037dfb110dc401b;view;21/10/2023 08:00
75;b154535de7fb99aaf266e7d4734d34a7;purchase;22/10/2023 08:00
6;cbf304e8bdc4c9e27a7238b05b4fda90;view;23/10/2023 08:00
23;dc67bfe23c31e810a37780fc1c852359;like;24/10/2023 08:00
87;fc1ae7fea6e8caedf6b2dcd6180388eb;view;25/10/2023 08:00
;;;
;;;
;;;
;;;
;;;
;;;
;;;
;;;
;;;
;;;
;;;
;;;
;;;
;;;
;;;
;;;
;;;
;;;
;;;
;;;
;;;
;;;
;;;
;;;
;;;
;;;
;;;
;;;
;;;
;;;
;;;
;;;
;;;
;;;
;;;
;;;
;;;
;;;
;;;
;;;
;;;
;;;
;;;
;;;
;;;
;;;
;;;
;;;
;;;
;;;
;;;
;;;
;;;
;;;
;;;
;;;
;;;
;;;
;;;
;;;
;;;
;;;
;;;
;;;
;;;
;;;
;;;
;;;
;;;
;;;
;;;
;;;
;;;
;;;
;;;
;;;
;;;
;;;
;;;
;;;
;;;
;;;
;;;
;;;
;;;
;;;
;;;
;;;
;;;
;;;
;;;
;;;
;;;
;;;
;;;
;;;
;;;
;;;
;;;
;;;
;;;
;;;
;;;
;;;
;;;
;;;
;;;
;;;
;;;
;;;
;;;
;;;
;;;
;;;
;;;
;;;
;;;
;;;
;;;
;;;
;;;
;;;
;;;
;;;
;;;
;;;
;;;
;;;
;;;
;;;
;;;
;;;
;;;
;;;
;;;
;;;
;;;
;;;
;;;
;;;
;;;
;;;
;;;
;;;
;;;
;;;
;;;
;;;
;;;
;;;
;;;
;;;
;;;
;;;
;;;
;;;
;;;
;;;
;;;
;;;
;;;
;;;
;;;
;;;
;;;
;;;
;;;
;;;
;;;
;;;
;;;
;;;
;;;
;;;
;;;
;;;
;;;
;;;
;;;
;;;
;;;
;;;
;;;
;;;
;;;
;;;
;;;
;;;
;;;
;;;
;;;
;;;
;;;
;;;
;;;
;;;
;;;
;;;
;;;
;;;
;;;
;;;
;;;
;;;
;;;
;;;
;;;
;;;
;;;
;;;
;;;
;;;
;;;
;;;
;;;
;;;
;;;
;;;
;;;
;;;
;;;
;;;
;;;
;;;
;;;
;;;
;;;
;;;
;;;
;;;
;;;
;;;
;;;
;;;
;;;
;;;
;;;
;;;
;;;
;;;
;;;
;;;
;;;
;;;
;;;
;;;
;;;
;;;
;;;
;;;
;;;
;;;
;;;
;;;
;;;
;;;
;;;
;;;
;;;
;;;
;;;
;;;
;;;
;;;
;;;
;;;
;;;
;;;
;;;
;;;
;;;
;;;
;;;
;;;
;;;
;;;
;;;
;;;
;;;
;;;
;;;
;;;
;;;
;;;
;;;
;;;
;;;
;;;
;;;
;;;
;;;
;;;
;;;
;;;
;;;
;;;
;;;
;;;
;;;
;;;
;;;
;;;
;;;
;;;
;;;
;;;
;;;
;;;
;;;
;;;
;;;
;;;
;;;
;;;
;;;
;;;
;;;
;;;
;;;
;;;
;;;
;;;
;;;
;;;
;;;
;;;
;;;
;;;
;;;
;;;
;;;
;;;
;;;
;;;
;;;
;;;
;;;
;;;
;;;
;;;
;;;
;;;
;;;
;;;
;;;
;;;
;;;
;;;
;;;
;;;
;;;
;;;
;;;
;;;
;;;
;;;
;;;
;;;
;;;
;;;
;;;
;;;
;;;
;;;
;;;
;;;
;;;
;;;
;;;
;;;
;;;
;;;
;;;
;;;
;;;
;;;
;;;
;;;
;;;
;;;
;;;
;;;
;;;
;;;
;;;
;;;
;;;
;;;
;;;
;;;
;;;
;;;
;;;
;;;
;;;
;;;
;;;
;;;
;;;
;;;
;;;
;;;
;;;
;;;
;;;
;;;
;;;
;;;
;;;
;;;
;;;
;;;
;;;
;;;
;;;
;;;
;;;
;;;
;;;
;;;
;;;
;;;
;;;
;;;
;;;
;;;
;;;
;;;
;;;
;;;
;;;
;;;
;;;
;;;
;;;
;;;
;;;
;;;
;;;
;;;
;;;
;;;
;;;
;;;
;;;
;;;
;;;
;;;
;;;
;;;
;;;
;;;
;;;
;;;
;;;
;;;
;;;
;;;
;;;
;;;
;;;
;;;
;;;
;;;
;;;
;;;
;;;
;;;
;;;
;;;
;;;
;;;
;;;
;;;
;;;
;;;
;;;
;;;
;;;
;;;
;;;
;;;
;;;
;;;
;;;
;;;
;;;
;;;
;;;
;;;
;;;
;;;
;;;
;;;
;;;
;;;
;;;
;;;
;;;
;;;
;;;
;;;
;;;
;;;
;;;
;;;
;;;
;;;
;;;
;;;
;;;
;;;
;;;
;;;
;;;
;;;
;;;
;;;
;;;
;;;
;;;
;;;
;;;
;;;
;;;
;;;
;;;
;;;
;;;
;;;
;;;
;;;
;;;
;;;
;;;
;;;
;;;
;;;
;;;
;;;
;;;
;;;
;;;
;;;
;;;
;;;
;;;
;;;
;;;
;;;
;;;
;;;
;;;
;;;
;;;
;;;
;;;
;;;
;;;
;;;
;;;
;;;
;;;
;;;
;;;
;;;
;;;
;;;
;;;
;;;
;;;
;;;
;;;
;;;
;;;
;;;
;;;
;;;
;;;
;;;
;;;
;;;
;;;
;;;
;;;
;;;
;;;
;;;
;;;
;;;
;;;
;;;
;;;
;;;
;;;
;;;
;;;
;;;
;;;
;;;
;;;
;;;
;;;
;;;
;;;
;;;
;;;
;;;
;;;
;;;
;;;
;;;
;;;
;;;
;;;
;;;
;;;
;;;
;;;
;;;
;;;
;;;
;;;
;;;
;;;
;;;
;;;
;;;
;;;
;;;
;;;
;;;
;;;
;;;
;;;
;;;
;;;
;;;
;;;
;;;
;;;
;;;
;;;
;;;
;;;
;;;
;;;
;;;
;;;
;;;
;;;
;;;
;;;
;;;
;;;
;;;
;;;
;;;
;;;
;;;
;;;
;;;
;;;
;;;
;;;
;;;
;;;
;;;
;;;
;;;
;;;
;;;
;;;
;;;
;;;
;;;
;;;
;;;
;;;
;;;
;;;
;;;
;;;
;;;
;;;
;;;
;;;
;;;
;;;
;;;
;;;
;;;
;;;
;;;
;;;
;;;
;;;
;;;
;;;
;;;
;;;
;;;
;;;
;;;
;;;
;;;
;;;
;;;
;;;
;;;
;;;
;;;
;;;
;;;
;;;
;;;
;;;
;;;
;;;
;;;
;;;
;;;
;;;
;;;
;;;
;;;
;;;
;;;
;;;
;;;
;;;
;;;
;;;
;;;
;;;
;;;
;;;
;;;
;;;
;;;
;;;
;;;
;;;
;;;
;;;
;;;
;;;
;;;
;;;
;;;
;;;
;;;
;;;
;;;
;;;
;;;
;;;
;;;
;;;
;;;
;;;
;;;
;;;
;;;
;;;
;;;
;;;
;;;
;;;
;;;
;;;
;;;
;;;
;;;
;;;
;;;
;;;
;;;
;;;
;;;
;;;
;;;
;;;
;;;
;;;
;;;
;;;
;;;
;;;
;;;
;;;
;;;
;;;
;;;
;;;
;;;
;;;
;;;
;;;
;;;
;;;
;;;
;;;
;;;
;;;
;;;
;;;
;;;
;;;
;;;
;;;
;;;
;;;
;;;
;;;
;;;
;;;
;;;
;;;
;;;
;;;
;;;
;;;
;;;
;;;
;;;
;;;
;;;
;;;
;;;
;;;
;;;
;;;
;;;
;;;
;;;
;;;
;;;
;;;
;;;
;;;
;;;
;;;
;;;
;;;
;;;
;;;
;;;
;;;
;;;
;;;
;;;
;;;
;;;
;;;
;;;
;;;
;;;
;;;
;;;
;;;
;;;
;;;
;;;
;;;
;;;
;;;
;;;
;;;
;;;
;;;
;;;
;;;
;;;
;;;
;;;
;;;
;;;
;;;
;;;
;;;
;;;
;;;
;;;
;;;
;;;
;;;
;;;
;;;
;;;
;;;
;;;
;;;
;;;
;;;
;;;
;;;
;;;
;;;
;;;
;;;
;;;
;;;
;;;
;;;
;;;
;;;
;;;
;;;
;;;
;;;
;;;
;;;
;;;
;;;
;;;
;;;
;;;
;;;
;;;
;;;
;;;
;;;
;;;
;;;
;;;
;;;
;;;
;;;
;;;
;;;
;;;
;;;
;;;
;;;
;;;
;;;
;;;
;;;
;;;
;;;
;;;
;;;
;;;
;;;
;;;
;;;
;;;
;;;
;;;
;;;
;;;
;;;
;;;
;;;
;;;
;;;
;;;
;;;
;;;
;;;
;;;
;;;
;;;
;;;
;;;
;;;
;;;
;;;
;;;
;;;
;;;
;;;
;;;
;;;
;;;
;;;
;;;
;;;
;;;
;;;
;;;
;;;
;;;
;;;
;;;
;;;
;;;
;;;
;;;
;;;
;;;
;;;
;;;
;;;
;;;
;;;
;;;
;;;
;;;
;;;
;;;
;;;
;;;
;;;
;;;
;;;
;;;
;;;
;;;
;;;
;;;
;;;
;;;
;;;
;;;
;;;
;;;
;;;
;;;
;;;
;;;
;;;
;;;
;;;
;;;
;;;
;;;
;;;
;;;
;;;
;;;
;;;
;;;
;;;
;;;
;;;
;;;
;;;
;;;
;;;
;;;
;;;
;;;
;;;
;;;
;;;
;;;
;;;
;;;
;;;
;;;
;;;
;;;
;;;
;;;
;;;
;;;
;;;
;;;
;;;
;;;
;;;
;;;
;;;
;;;
;;;
;;;
;;;
;;;
;;;
;;;
;;;
;;;
;;;
;;;
;;;
;;;
;;;
;;;
;;;
;;;
;;;
;;;
;;;
;;;
;;;
;;;
;;;
;;;
;;;
;;;
;;;
;;;
;;;
;;;
;;;
;;;
;;;
;;;
;;;
;;;
;;;
;;;
;;;
;;;
;;;
;;;
;;;
;;;
;;;
;;;
;;;
;;;
;;;
;;;
;;;
;;;
;;;
;;;
;;;
;;;
;;;
;;;
;;;
;;;
;;;
;;;
;;;
;;;
;;;
;;;
;;;
;;;
;;;
;;;
;;;
;;;
;;;
;;;
;;;
;;;
;;;
;;;
;;;
;;;
;;;
;;;
;;;
;;;
;;;
;;;
;;;
;;;
;;;
;;;
;;;
;;;
;;;
;;;
;;;
;;;
;;;
;;;
;;;
;;;
;;;
;;;
;;;
;;;
;;;
;;;
;;;
;;;
;;;
;;;
;;;
;;;
;;;
;;;
;;;
;;;
;;;
;;;
;;;
;;;
;;;
;;;
;;;
;;;
;;;
;;;
;;;
;;;
;;;
;;;
;;;
;;;
;;;
;;;
;;;
;;;
;;;
;;;
;;;
;;;
;;;
;;;
;;;
;;;
;;;
;;;
;;;
;;;
;;;
;;;
;;;
;;;
;;;
;;;
;;;
;;;
;;;
;;;
;;;
;;;
;;;
;;;
;;;
;;;
;;;
;;;
;;;
;;;
;;;
;;;
;;;
;;;
;;;
;;;
;;;
;;;
;;;
;;;
;;;
;;;
;;;
;;;
;;;
;;;
;;;
;;;
;;;
;;;
;;;
;;;
;;;
;;;
;;;
;;;
;;;
;;;
;;;
;;;
;;;
;;;
;;;
;;;
;;;
;;;
;;;
;;;
;;;
;;;
;;;
;;;
;;;
;;;
;;;
;;;
;;;
;;;
;;;
;;;
;;;
;;;
;;;
;;;
;;;
;;;
;;;
;;;
;;;
;;;
;;;
;;;
;;;
;;;
;;;
;;;
;;;
;;;
;;;
;;;
;;;
;;;
;;;
;;;
;;;
;;;
;;;
;;;
;;;
;;;
;;;
;;;
;;;
;;;
;;;
;;;
;;;
;;;
;;;
;;;
;;;
;;;
;;;
;;;
;;;
;;;
;;;
;;;
;;;
;;;
;;;
;;;
;;;
;;;
;;;
;;;
;;;
;;;
;;;
;;;
;;;
;;;
;;;
;;;
;;;
;;;
;;;
;;;
;;;
;;;
;;;
;;;
;;;
;;;
;;;
;;;
;;;
;;;
;;;
;;;
;;;
;;;
;;;
;;;
;;;
;;;
;;;
;;;
;;;
;;;
;;;
;;;
;;;
;;;
;;;
;;;
;;;
;;;
;;;
;;;
;;;
;;;
;;;
;;;
;;;
;;;
;;;
;;;
;;;
;;;
;;;
;;;
;;;
;;;
;;;
;;;
;;;
;;;
;;;
;;;
;;;
;;;
;;;
;;;
;;;
;;;
;;;
;;;
;;;
;;;
;;;
;;;
;;;
;;;
;;;
;;;
;;;
;;;
;;;
;;;
;;;
;;;
;;;
;;;
;;;
;;;
;;;
;;;
;;;
;;;
;;;
;;;
;;;
;;;
;;;
;;;
;;;
;;;
;;;
;;;
;;;
;;;
;;;
;;;
;;;
;;;
;;;
;;;
;;;
;;;
;;;
;;;
;;;
;;;
;;;
;;;
;;;
;;;
;;;
;;;
;;;
;;;
;;;
;;;
;;;
;;;
;;;
;;;
;;;
;;;
;;;
;;;
;;;
;;;
;;;
;;;
;;;
;;;
;;;
;;;
;;;
;;;
;;;
;;;
;;;
;;;
;;;
;;;
;;;
;;;
;;;
;;;
;;;
;;;
;;;
;;;
;;;
;;;
;;;
;;;
;;;
;;;
;;;
;;;
;;;
;;;
;;;
;;;
;;;
;;;
;;;
;;;
;;;
;;;
;;;
;;;
;;;
;;;
;;;
;;;
;;;
;;;
;;;
;;;
;;;
;;;
;;;
;;;
;;;
;;;
;;;
;;;
;;;
;;;
;;;
;;;
;;;
;;;
;;;
;;;
;;;
;;;
;;;
;;;
;;;
;;;
;;;
;;;
;;;
;;;
;;;
;;;
;;;
;;;
;;;
;;;
;;;
;;;
;;;
;;;
;;;
;;;
;;;
;;;
;;;
;;;
;;;
;;;
;;;
;;;
;;;
;;;
;;;
;;;
;;;
;;;
;;;
;;;
;;;
;;;
;;;
;;;
;;;
;;;
;;;
;;;
;;;
;;;
;;;
;;;
;;;
;;;
;;;
;;;
;;;
;;;
;;;
;;;
;;;
;;;
;;;
;;;
;;;
;;;
;;;
;;;
;;;
;;;
;;;
;;;
;;;
;;;
;;;
;;;
;;;
;;;
;;;
;;;
;;;
;;;
;;;
;;;
;;;
;;;
;;;
;;;
;;;
;;;
;;;
;;;
;;;
;;;
;;;
;;;
;;;
;;;
;;;
;;;
;;;
;;;
;;;
;;;
;;;
;;;
;;;
;;;
;;;
;;;
;;;
;;;
;;;
;;;
;;;
;;;
;;;
;;;
;;;
;;;
;;;
;;;
;;;
;;;
;;;
;;;
;;;
;;;
;;;
;;;
;;;
;;;
;;;
;;;
;;;
;;;
;;;
;;;
;;;
;;;
;;;
;;;
;;;
;;;
;;;
;;;
;;;
;;;
;;;
;;;
;;;
;;;
;;;
;;;
;;;
;;;
;;;
;;;
;;;
;;;
;;;
;;;
;;;
;;;
;;;
;;;
;;;
;;;
;;;
;;;
;;;
;;;
;;;
;;;
;;;
;;;
;;;
;;;
;;;
;;;
;;;
;;;
;;;
;;;
;;;
;;;
;;;
;;;
;;;
;;;
;;;
;;;
;;;
;;;
;;;
;;;
;;;
;;;
;;;
;;;
;;;
;;;
;;;
;;;
;;;
;;;
;;;
;;;
;;;
;;;
;;;
;;;
;;;
;;;
;;;
;;;
;;;
;;;
;;;
;;;
;;;
;;;
;;;
;;;
;;;
;;;
;;;
;;;
;;;
;;;
;;;
;;;
;;;
;;;
;;;
;;;
;;;
;;;
;;;
;;;
;;;
;;;
;;;
;;;
;;;
;;;
;;;
;;;
;;;
;;;
;;;
;;;
;;;
;;;
;;;
;;;
;;;
;;;
;;;
;;;
;;;
;;;
;;;
;;;
;;;
;;;
;;;
;;;
;;;
;;;
;;;
;;;
;;;
;;;
;;;
;;;
;;;
;;;
;;;
;;;
;;;
;;;
;;;
;;;
;;;
;;;
;;;
;;;
;;;
;;;
;;;
;;;
;;;
;;;
;;;
;;;
;;;
;;;
;;;
;;;
;;;
;;;
;;;
;;;
;;;
;;;
;;;
;;;
;;;
;;;
;;;
;;;
;;;
;;;
;;;
;;;
;;;
;;;
;;;
;;;
;;;
;;;
;;;
;;;
;;;
;;;
;;;
;;;
;;;
;;;
;;;
;;;
;;;
;;;
;;;
;;;
;;;
;;;
;;;
;;;
;;;
;;;
;;;
;;;
;;;
;;;
;;;
;;;
;;;
;;;
;;;
;;;
;;;
;;;
;;;
;;;
;;;
;;;
;;;
;;;
;;;
;;;
;;;
;;;
;;;
;;;
;;;
;;;
;;;
;;;
;;;
;;;
;;;
;;;
;;;
;;;
;;;
;;;
;;;
;;;
;;;
;;;
;;;
;;;
;;;
;;;
;;;
;;;
;;;
;;;
;;;
;;;
;;;
;;;
;;;
;;;
;;;
;;;
;;;
;;;
;;;
;;;
;;;
;;;
;;;
;;;
;;;
;;;
;;;
;;;
;;;
;;;
;;;
;;;
;;;
;;;
;;;
;;;
;;;
;;;
;;;
;;;
;;;
;;;
;;;
;;;
;;;
;;;
;;;
;;;
;;;
;;;
;;;
;;;
;;;
;;;
;;;
;;;
;;;
;;;
;;;
;;;
;;;
;;;
;;;
;;;
;;;
;;;
;;;
;;;
;;;
;;;
;;;
;;;
;;;
;;;
;;;
;;;
